OTU,Phylum,ClassI,Class,Order,FamilyOTU1439,Ascomycota,Arthoniomycetes,Arthoniomycetes, Roccellaceae, SigrideaOTU1515,Ascomycota,Arthoniomycetes,Arthoniomycetes, Phaeococcomycetaceae, PhaeococcomycesOTU291,Ascomycota,Arthoniomycetes,Arthoniomycetes, Phaeococcomycetaceae, PhaeococcomycesOTU3013,Ascomycota,Arthoniomycetes,Arthoniomycetes, Phaeococcomycetaceae, PhaeococcomycesOTU4217,Ascomycota,Arthoniomycetes,Arthoniomycetes, Phaeococcomycetaceae, PhaeococcomycesOTU4564,Ascomycota,Arthoniomycetes,Arthoniomycetes, Phaeococcomycetaceae, PhaeococcomycesOTU1,Ascomycota,Dothideomycetes,Dothideomycetes, Capnodiales, CladosporiaceaeOTU1010,Ascomycota,Dothideomycetes,Dothideomycetes, Pleosporales, LophiostomataceaeOTU1016,Ascomycota,Dothideomycetes,Dothideomycetes, Leptospora, Leptospora rubellaOTU1055,Ascomycota,Dothideomycetes,Dothideomycetes, Pleosporales, PleosporineaeOTU1065,Ascomycota,Dothideomycetes,Dothideomycetes, Pleosporales, PleosporineaeOTU1067,Ascomycota,Dothideomycetes,Dothideomycetes, Dothideales, DothideaceaeOTU107,Ascomycota,Dothideomycetes,Dothideomycetes, Pleosporales, unclassified PleosporalesOTU1071,Ascomycota,Dothideomycetes,Dothideomycetes, Capnodiales, CladosporiaceaeOTU1072,Ascomycota,Dothideomycetes,Dothideomycetes, Venturiales, VenturiaceaeOTU1074,Ascomycota,Dothideomycetes,Dothideomycetes, Capnodiales, TeratosphaeriaceaeOTU1075,Ascomycota,Dothideomycetes,Dothideomycetes, Capnodiales, MycosphaerellaceaeOTU1080,Ascomycota,Dothideomycetes,Dothideomycetes, Myriangiales, MyriangiaceaeOTU1087,Ascomycota,Dothideomycetes,Dothideomycetes, Capnodiales, MycosphaerellaceaeOTU1089,Ascomycota,Dothideomycetes,Dothideomycetes, Myriangiales, MyriangiaceaeOTU1091,Ascomycota,Dothideomycetes,Dothideomycetes, Dothideales, AureobasidiaceaeOTU1093,Ascomycota,Dothideomycetes,Dothideomycetes, Venturiales, SympoventuriaceaeOTU1147,Ascomycota,Dothideomycetes,Dothideomycetes, Dothideomycetes sp. CCFEE 5409,OTU1155,Ascomycota,Dothideomycetes,Dothideomycetes, Pleosporales, SporormiaceaeOTU1156,Ascomycota,Dothideomycetes,Dothideomycetes, Capnodiales, MycosphaerellaceaeOTU1158,Ascomycota,Dothideomycetes,Dothideomycetes, Pleosporales, unclassified PleosporalesOTU1172,Ascomycota,Dothideomycetes,Dothideomycetes, Capnodiales, DissoconiaceaeOTU1187,Ascomycota,Dothideomycetes,Dothideomycetes, Capnodiales, TeratosphaeriaceaeOTU1191,Ascomycota,Dothideomycetes,Dothideomycetes, Capnodiales, MycosphaerellaceaeOTU12,Ascomycota,Dothideomycetes,Dothideomycetes, Capnodiales, CladosporiaceaeOTU1211,Ascomycota,Dothideomycetes,Dothideomycetes, Capnodiales, TeratosphaeriaceaeOTU1213,Ascomycota,Dothideomycetes,Dothideomycetes, Dothideales, mitosporic DothidealesOTU1223,Ascomycota,Dothideomycetes,Dothideomycetes, Capnodiales, TeratosphaeriaceaeOTU1226,Ascomycota,Dothideomycetes,Dothideomycetes, Leptospora, Leptospora rubellaOTU1234,Ascomycota,Dothideomycetes,Dothideomycetes, Myriangiales, MyriangiaceaeOTU1235,Ascomycota,Dothideomycetes,Dothideomycetes, Capnodiales, CladosporiaceaeOTU1238,Ascomycota,Dothideomycetes,Dothideomycetes, Capnodiales, MycosphaerellaceaeOTU1264,Ascomycota,Dothideomycetes,Dothideomycetes, Capnodiales, TeratosphaeriaceaeOTU1274,Ascomycota,Dothideomycetes,Dothideomycetes, Capnodiales, MycosphaerellaceaeOTU1286,Ascomycota,Dothideomycetes,Dothideomycetes, Capnodiales, MycosphaerellaceaeOTU1288,Ascomycota,Dothideomycetes,Dothideomycetes, Pleosporales, PleosporineaeOTU1289,Ascomycota,Dothideomycetes,Dothideomycetes, Capnodiales, MycosphaerellaceaeOTU129,Ascomycota,Dothideomycetes,Dothideomycetes, Pleosporales, PleosporineaeOTU1296,Ascomycota,Dothideomycetes,Dothideomycetes, Pleosporales, PleosporineaeOTU13,Ascomycota,Dothideomycetes,Dothideomycetes, Capnodiales, MycosphaerellaceaeOTU1302,Ascomycota,Dothideomycetes,Dothideomycetes, Pleosporales, CorynesporascaceaeOTU1338,Ascomycota,Dothideomycetes,Dothideomycetes, Capnodiales, TeratosphaeriaceaeOTU1339,Ascomycota,Dothideomycetes,Dothideomycetes, Pleosporales, LophiostomataceaeOTU1357,Ascomycota,Dothideomycetes,Dothideomycetes, Pleosporales, LophiostomataceaeOTU1364,Ascomycota,Dothideomycetes,Dothideomycetes, Pleosporales, PleosporineaeOTU1371,Ascomycota,Dothideomycetes,Dothideomycetes, Capnodiales, TeratosphaeriaceaeOTU139,Ascomycota,Dothideomycetes,Dothideomycetes, Pleosporales, PleosporineaeOTU1390,Ascomycota,Dothideomycetes,Dothideomycetes, Capnodiales, MycosphaerellaceaeOTU14,Ascomycota,Dothideomycetes,Dothideomycetes,,OTU1403,Ascomycota,Dothideomycetes,Dothideomycetes, Pleosporales, unclassified PleosporalesOTU1412,Ascomycota,Dothideomycetes,Dothideomycetes, Capnodiales, TeratosphaeriaceaeOTU1429,Ascomycota,Dothideomycetes,Dothideomycetes, Capnodiales, TeratosphaeriaceaeOTU1432,Ascomycota,Dothideomycetes,Dothideomycetes, Capnodiales, TeratosphaeriaceaeOTU144,Ascomycota,Dothideomycetes,Dothideomycetes, Capnodiales, TeratosphaeriaceaeOTU1450,Ascomycota,Dothideomycetes,Dothideomycetes, Capnodiales, TeratosphaeriaceaeOTU1452,Ascomycota,Dothideomycetes,Dothideomycetes, Capnodiales, Capnodiales incertae sedisOTU1467,Ascomycota,Dothideomycetes,Dothideomycetes, Myriangiales, ElsinoaceaeOTU1472,Ascomycota,Dothideomycetes,Dothideomycetes, Dothideales, AureobasidiaceaeOTU1477,Ascomycota,Dothideomycetes,Dothideomycetes, Pleosporales, PleosporineaeOTU1479,Ascomycota,Dothideomycetes,Dothideomycetes, Botryosphaeriales, SaccharataceaeOTU1484,Ascomycota,Dothideomycetes,Dothideomycetes, Capnodiales, TeratosphaeriaceaeOTU1499,Ascomycota,Dothideomycetes,Dothideomycetes, Phaeocryptopus, Phaeocryptopus gaeumanniiOTU1528,Ascomycota,Dothideomycetes,Dothideomycetes,,OTU1533,Ascomycota,Dothideomycetes,Dothideomycetes, Dothideales, unclassified DothidealesOTU1536,Ascomycota,Dothideomycetes,Dothideomycetes, Capnodiales, TeratosphaeriaceaeOTU154,Ascomycota,Dothideomycetes,Dothideomycetes, Capnodiales, TeratosphaeriaceaeOTU1560,Ascomycota,Dothideomycetes,Dothideomycetes, Capnodiales, DissoconiaceaeOTU1566,Ascomycota,Dothideomycetes,Dothideomycetes, Capnodiales, MycosphaerellaceaeOTU1574,Ascomycota,Dothideomycetes,Dothideomycetes, Capnodiales, TeratosphaeriaceaeOTU1578,Ascomycota,Dothideomycetes,Dothideomycetes, Dothideales, DothideaceaeOTU1592,Ascomycota,Dothideomycetes,Dothideomycetes, Capnodiales, mitosporic CapnodialesOTU16,Ascomycota,Dothideomycetes,Dothideomycetes, Capnodiales, TeratosphaeriaceaeOTU160,Ascomycota,Dothideomycetes,Dothideomycetes, Capnodiales, TeratosphaeriaceaeOTU1618,Ascomycota,Dothideomycetes,Dothideomycetes, Capnodiales, CapnodiaceaeOTU1639,Ascomycota,Dothideomycetes,Dothideomycetes, Capnodiales, TeratosphaeriaceaeOTU1644,Ascomycota,Dothideomycetes,Dothideomycetes, Pleosporales, unclassified PleosporalesOTU1659,Ascomycota,Dothideomycetes,Dothideomycetes, Capnodiales, DissoconiaceaeOTU167,Ascomycota,Dothideomycetes,Dothideomycetes, Capnodiales, MycosphaerellaceaeOTU1672,Ascomycota,Dothideomycetes,Dothideomycetes, Pleosporales, PleosporineaeOTU1686,Ascomycota,Dothideomycetes,Dothideomycetes,,OTU1689,Ascomycota,Dothideomycetes,Dothideomycetes, Capnodiales, MycosphaerellaceaeOTU169,Ascomycota,Dothideomycetes,Dothideomycetes, Capnodiales, CladosporiaceaeOTU17,Ascomycota,Dothideomycetes,Dothideomycetes, Pleosporales, PleosporineaeOTU1709,Ascomycota,Dothideomycetes,Dothideomycetes,,OTU1717,Ascomycota,Dothideomycetes,Dothideomycetes,,OTU1718,Ascomycota,Dothideomycetes,Dothideomycetes, Capnodiales, MycosphaerellaceaeOTU1730,Ascomycota,Dothideomycetes,Dothideomycetes, Capnodiales, MycosphaerellaceaeOTU1742,Ascomycota,Dothideomycetes,Dothideomycetes, Botryosphaeriales, PhyllostictaceaeOTU1744,Ascomycota,Dothideomycetes,Dothideomycetes, Capnodiales, MycosphaerellaceaeOTU1763,Ascomycota,Dothideomycetes,Dothideomycetes, Capnodiales, MycosphaerellaceaeOTU1765,Ascomycota,Dothideomycetes,Dothideomycetes, Capnodiales, MycosphaerellaceaeOTU1773,Ascomycota,Dothideomycetes,Dothideomycetes, Capnodiales, MycosphaerellaceaeOTU1803,Ascomycota,Dothideomycetes,Dothideomycetes, Pleosporales, SporormiaceaeOTU1805,Ascomycota,Dothideomycetes,Dothideomycetes, Pleosporales, PleosporineaeOTU1815,Ascomycota,Dothideomycetes,Dothideomycetes, Capnodiales, MycosphaerellaceaeOTU1816,Ascomycota,Dothideomycetes,Dothideomycetes, Pleosporales, LophiostomataceaeOTU183,Ascomycota,Dothideomycetes,Dothideomycetes, Capnodiales, TeratosphaeriaceaeOTU1834,Ascomycota,Dothideomycetes,Dothideomycetes, Capnodiales, MycosphaerellaceaeOTU189,Ascomycota,Dothideomycetes,Dothideomycetes, Pleosporales, PleosporineaeOTU1893,Ascomycota,Dothideomycetes,Dothideomycetes, Pleosporales, PleosporineaeOTU191,Ascomycota,Dothideomycetes,Dothideomycetes, Capnodiales, MycosphaerellaceaeOTU1923,Ascomycota,Dothideomycetes,Dothideomycetes, Capnodiales, MycosphaerellaceaeOTU1962,Ascomycota,Dothideomycetes,Dothideomycetes, Capnodiales, mitosporic CapnodialesOTU1988,Ascomycota,Dothideomycetes,Dothideomycetes, Pleosporales, PleosporineaeOTU1990,Ascomycota,Dothideomycetes,Dothideomycetes, Capnodiales, MycosphaerellaceaeOTU2,Ascomycota,Dothideomycetes,Dothideomycetes, Dothideales, DothideaceaeOTU2027,Ascomycota,Dothideomycetes,Dothideomycetes, Capnodiales, TeratosphaeriaceaeOTU204,Ascomycota,Dothideomycetes,Dothideomycetes, Capnodiales, TeratosphaeriaceaeOTU2096,Ascomycota,Dothideomycetes,Dothideomycetes, Pleosporales, mitosporic PleosporalesOTU2101,Ascomycota,Dothideomycetes,Dothideomycetes,,OTU211,Ascomycota,Dothideomycetes,Dothideomycetes, Pleosporales, PleosporineaeOTU214,Ascomycota,Dothideomycetes,Dothideomycetes, Capnodiales, MycosphaerellaceaeOTU2180,Ascomycota,Dothideomycetes,Dothideomycetes, Capnodiales, CladosporiaceaeOTU2206,Ascomycota,Dothideomycetes,Dothideomycetes, Capnodiales, MycosphaerellaceaeOTU2218,Ascomycota,Dothideomycetes,Dothideomycetes, Capnodiales, MycosphaerellaceaeOTU222,Ascomycota,Dothideomycetes,Dothideomycetes, Capnodiales, Capnodiales incertae sedisOTU223,Ascomycota,Dothideomycetes,Dothideomycetes, Capnodiales, TeratosphaeriaceaeOTU2248,Ascomycota,Dothideomycetes,Dothideomycetes, Dothideomycetes sp. genotype 512,OTU226,Ascomycota,Dothideomycetes,Dothideomycetes, Pleosporales, PleosporineaeOTU2269,Ascomycota,Dothideomycetes,Dothideomycetes, Pleosporales, PleosporineaeOTU2279,Ascomycota,Dothideomycetes,Dothideomycetes, Myriangiales, MyriangiaceaeOTU229,Ascomycota,Dothideomycetes,Dothideomycetes, Capnodiales, TeratosphaeriaceaeOTU2314,Ascomycota,Dothideomycetes,Dothideomycetes, Capnodiales, CapnodiaceaeOTU2347,Ascomycota,Dothideomycetes,Dothideomycetes, Dothideales, DothideaceaeOTU24,Ascomycota,Dothideomycetes,Dothideomycetes, Capnodiales, CapnodiaceaeOTU2406,Ascomycota,Dothideomycetes,Dothideomycetes, Capnodiales, MycosphaerellaceaeOTU241,Ascomycota,Dothideomycetes,Dothideomycetes, Capnodiales, TeratosphaeriaceaeOTU2411,Ascomycota,Dothideomycetes,Dothideomycetes, Capnodiales, MycosphaerellaceaeOTU2414,Ascomycota,Dothideomycetes,Dothideomycetes, Pleosporales, PleosporineaeOTU2429,Ascomycota,Dothideomycetes,Dothideomycetes, Pleosporales, PleosporineaeOTU2433,Ascomycota,Dothideomycetes,Dothideomycetes, Pleosporales, unclassified PleosporalesOTU248,Ascomycota,Dothideomycetes,Dothideomycetes, Capnodiales, TeratosphaeriaceaeOTU2497,Ascomycota,Dothideomycetes,Dothideomycetes, Venturiales, VenturiaceaeOTU2502,Ascomycota,Dothideomycetes,Dothideomycetes, Dothideales, DothideaceaeOTU2515,Ascomycota,Dothideomycetes,Dothideomycetes, Phaeocryptopus, Phaeocryptopus gaeumanniiOTU2516,Ascomycota,Dothideomycetes,Dothideomycetes, Venturiales, VenturiaceaeOTU252,Ascomycota,Dothideomycetes,Dothideomycetes, Botryosphaeriales, BotryosphaeriaceaeOTU2521,Ascomycota,Dothideomycetes,Dothideomycetes, Capnodiales, TeratosphaeriaceaeOTU2525,Ascomycota,Dothideomycetes,Dothideomycetes,,OTU2532,Ascomycota,Dothideomycetes,Dothideomycetes, Botryosphaeriales, BotryosphaeriaceaeOTU2533,Ascomycota,Dothideomycetes,Dothideomycetes, Venturiales, VenturiaceaeOTU255,Ascomycota,Dothideomycetes,Dothideomycetes, Capnodiales, MycosphaerellaceaeOTU2585,Ascomycota,Dothideomycetes,Dothideomycetes, Capnodiales, TeratosphaeriaceaeOTU2619,Ascomycota,Dothideomycetes,Dothideomycetes, Botryosphaeriales, BotryosphaeriaceaeOTU265,Ascomycota,Dothideomycetes,Dothideomycetes, Capnodiales, TeratosphaeriaceaeOTU2669,Ascomycota,Dothideomycetes,Dothideomycetes, Pleosporales, PleosporineaeOTU2676,Ascomycota,Dothideomycetes,Dothideomycetes, Capnodiales, MycosphaerellaceaeOTU2677,Ascomycota,Dothideomycetes,Dothideomycetes, Botryosphaeriales, BotryosphaeriaceaeOTU270,Ascomycota,Dothideomycetes,Dothideomycetes, Pleosporales, unclassified PleosporalesOTU2719,Ascomycota,Dothideomycetes,Dothideomycetes, Capnodiales, MycosphaerellaceaeOTU2747,Ascomycota,Dothideomycetes,Dothideomycetes, Capnodiales, MycosphaerellaceaeOTU2751,Ascomycota,Dothideomycetes,Dothideomycetes, Dothideales, DothioraceaeOTU276,Ascomycota,Dothideomycetes,Dothideomycetes, Capnodiales, MycosphaerellaceaeOTU278,Ascomycota,Dothideomycetes,Dothideomycetes, Pleosporales, SporormiaceaeOTU2786,Ascomycota,Dothideomycetes,Dothideomycetes,,OTU28,Ascomycota,Dothideomycetes,Dothideomycetes, Capnodiales, MycosphaerellaceaeOTU2845,Ascomycota,Dothideomycetes,Dothideomycetes, Dothideales, DothioraceaeOTU2889,Ascomycota,Dothideomycetes,Dothideomycetes,,OTU2913,Ascomycota,Dothideomycetes,Dothideomycetes, Capnodiales, TeratosphaeriaceaeOTU2958,Ascomycota,Dothideomycetes,Dothideomycetes, Capnodiales, MycosphaerellaceaeOTU2968,Ascomycota,Dothideomycetes,Dothideomycetes, Capnodiales, MycosphaerellaceaeOTU2969,Ascomycota,Dothideomycetes,Dothideomycetes, Capnodiales, MycosphaerellaceaeOTU2972,Ascomycota,Dothideomycetes,Dothideomycetes, Capnodiales, TeratosphaeriaceaeOTU298,Ascomycota,Dothideomycetes,Dothideomycetes,,OTU2989,Ascomycota,Dothideomycetes,Dothideomycetes, Capnodiales, MycosphaerellaceaeOTU2995,Ascomycota,Dothideomycetes,Dothideomycetes, Capnodiales, TeratosphaeriaceaeOTU300,Ascomycota,Dothideomycetes,Dothideomycetes, Pleosporales, unclassified PleosporalesOTU3008,Ascomycota,Dothideomycetes,Dothideomycetes, Capnodiales, CladosporiaceaeOTU3012,Ascomycota,Dothideomycetes,Dothideomycetes, Dothideomycetes sp. LS-2013g,OTU3015,Ascomycota,Dothideomycetes,Dothideomycetes, Capnodiales, MycosphaerellaceaeOTU3027,Ascomycota,Dothideomycetes,Dothideomycetes, Capnodiales, MycosphaerellaceaeOTU305,Ascomycota,Dothideomycetes,Dothideomycetes, Dothideales, DothioraceaeOTU3051,Ascomycota,Dothideomycetes,Dothideomycetes, Venturiales, SympoventuriaceaeOTU3052,Ascomycota,Dothideomycetes,Dothideomycetes, Pleosporales, PleosporineaeOTU3065,Ascomycota,Dothideomycetes,Dothideomycetes, Pleosporales, mitosporic PleosporalesOTU3067,Ascomycota,Dothideomycetes,Dothideomycetes, Pleosporales, PleosporineaeOTU3081,Ascomycota,Dothideomycetes,Dothideomycetes, Capnodiales, Capnodiales incertae sedisOTU3087,Ascomycota,Dothideomycetes,Dothideomycetes, Pleosporales, PleosporineaeOTU3089,Ascomycota,Dothideomycetes,Dothideomycetes, Botryosphaeriales, unclassified BotryosphaerialesOTU3090,Ascomycota,Dothideomycetes,Dothideomycetes, Capnodiales, MycosphaerellaceaeOTU3095,Ascomycota,Dothideomycetes,Dothideomycetes, Capnodiales, TeratosphaeriaceaeOTU310,Ascomycota,Dothideomycetes,Dothideomycetes, Pleosporales, Pleosporales incertae sedisOTU311,Ascomycota,Dothideomycetes,Dothideomycetes, Capnodiales, MycosphaerellaceaeOTU3130,Ascomycota,Dothideomycetes,Dothideomycetes, Capnodiales, MycosphaerellaceaeOTU3133,Ascomycota,Dothideomycetes,Dothideomycetes, Botryosphaeriales, BotryosphaeriaceaeOTU3147,Ascomycota,Dothideomycetes,Dothideomycetes, Capnodiales, MycosphaerellaceaeOTU3148,Ascomycota,Dothideomycetes,Dothideomycetes, Capnodiales, MycosphaerellaceaeOTU3157,Ascomycota,Dothideomycetes,Dothideomycetes, Dothideales, AureobasidiaceaeOTU3188,Ascomycota,Dothideomycetes,Dothideomycetes, Dothideomycetes sp. CCFEE 5409,OTU319,Ascomycota,Dothideomycetes,Dothideomycetes, Pleosporales, PleosporineaeOTU3212,Ascomycota,Dothideomycetes,Dothideomycetes, Botryosphaeriales, PhyllostictaceaeOTU3214,Ascomycota,Dothideomycetes,Dothideomycetes, Capnodiales, CapnodiaceaeOTU3223,Ascomycota,Dothideomycetes,Dothideomycetes, Pleosporales, PleosporineaeOTU323,Ascomycota,Dothideomycetes,Dothideomycetes, Capnodiales, TeratosphaeriaceaeOTU325,Ascomycota,Dothideomycetes,Dothideomycetes, Pleosporales, PleosporineaeOTU3251,Ascomycota,Dothideomycetes,Dothideomycetes, Capnodiales, TeratosphaeriaceaeOTU3253,Ascomycota,Dothideomycetes,Dothideomycetes,,OTU3260,Ascomycota,Dothideomycetes,Dothideomycetes, Capnodiales, MycosphaerellaceaeOTU3267,Ascomycota,Dothideomycetes,Dothideomycetes, Capnodiales, CladosporiaceaeOTU3299,Ascomycota,Dothideomycetes,Dothideomycetes,,OTU349,Ascomycota,Dothideomycetes,Dothideomycetes, Capnodiales, MycosphaerellaceaeOTU35,Ascomycota,Dothideomycetes,Dothideomycetes, Capnodiales, MycosphaerellaceaeOTU3545,Ascomycota,Dothideomycetes,Dothideomycetes, Capnodiales, TeratosphaeriaceaeOTU357,Ascomycota,Dothideomycetes,Dothideomycetes,,OTU3585,Ascomycota,Dothideomycetes,Dothideomycetes, Capnodiales, MycosphaerellaceaeOTU3593,Ascomycota,Dothideomycetes,Dothideomycetes, Capnodiales, TeratosphaeriaceaeOTU3615,Ascomycota,Dothideomycetes,Dothideomycetes,,OTU3620,Ascomycota,Dothideomycetes,Dothideomycetes,,OTU3631,Ascomycota,Dothideomycetes,Dothideomycetes, Capnodiales, TeratosphaeriaceaeOTU3650,Ascomycota,Dothideomycetes,Dothideomycetes, Capnodiales, TeratosphaeriaceaeOTU3671,Ascomycota,Dothideomycetes,Dothideomycetes, Capnodiales, TeratosphaeriaceaeOTU3701,Ascomycota,Dothideomycetes,Dothideomycetes, Capnodiales, TeratosphaeriaceaeOTU3716,Ascomycota,Dothideomycetes,Dothideomycetes, Pleosporales, PleosporineaeOTU373,Ascomycota,Dothideomycetes,Dothideomycetes, Capnodiales, MycosphaerellaceaeOTU3747,Ascomycota,Dothideomycetes,Dothideomycetes, Capnodiales, CladosporiaceaeOTU376,Ascomycota,Dothideomycetes,Dothideomycetes, Capnodiales, MycosphaerellaceaeOTU3766,Ascomycota,Dothideomycetes,Dothideomycetes,,OTU377,Ascomycota,Dothideomycetes,Dothideomycetes, Capnodiales, CladosporiaceaeOTU3781,Ascomycota,Dothideomycetes,Dothideomycetes,,OTU3792,Ascomycota,Dothideomycetes,Dothideomycetes, Capnodiales, MycosphaerellaceaeOTU3795,Ascomycota,Dothideomycetes,Dothideomycetes, Capnodiales, MycosphaerellaceaeOTU3811,Ascomycota,Dothideomycetes,Dothideomycetes, Capnodiales, TeratosphaeriaceaeOTU3825,Ascomycota,Dothideomycetes,Dothideomycetes, Capnodiales, TeratosphaeriaceaeOTU3828,Ascomycota,Dothideomycetes,Dothideomycetes, Pleosporales, PleosporineaeOTU3831,Ascomycota,Dothideomycetes,Dothideomycetes, Capnodiales, MycosphaerellaceaeOTU3845,Ascomycota,Dothideomycetes,Dothideomycetes, Pleosporales, PleosporineaeOTU3846,Ascomycota,Dothideomycetes,Dothideomycetes, Capnodiales, MycosphaerellaceaeOTU385,Ascomycota,Dothideomycetes,Dothideomycetes, Capnodiales, TeratosphaeriaceaeOTU3857,Ascomycota,Dothideomycetes,Dothideomycetes, Capnodiales, TeratosphaeriaceaeOTU3863,Ascomycota,Dothideomycetes,Dothideomycetes, Capnodiales, MycosphaerellaceaeOTU3866,Ascomycota,Dothideomycetes,Dothideomycetes, Pleosporales, PleosporineaeOTU388,Ascomycota,Dothideomycetes,Dothideomycetes, Capnodiales, MycosphaerellaceaeOTU389,Ascomycota,Dothideomycetes,Dothideomycetes, Capnodiales, MycosphaerellaceaeOTU39,Ascomycota,Dothideomycetes,Dothideomycetes, Capnodiales, CladosporiaceaeOTU393,Ascomycota,Dothideomycetes,Dothideomycetes, Pleosporales, PleosporineaeOTU3985,Ascomycota,Dothideomycetes,Dothideomycetes, Capnodiales, MycosphaerellaceaeOTU40,Ascomycota,Dothideomycetes,Dothideomycetes, Capnodiales, CladosporiaceaeOTU4019,Ascomycota,Dothideomycetes,Dothideomycetes, Capnodiales, TeratosphaeriaceaeOTU4027,Ascomycota,Dothideomycetes,Dothideomycetes,,OTU4047,Ascomycota,Dothideomycetes,Dothideomycetes, Pleosporales, PleosporineaeOTU4050,Ascomycota,Dothideomycetes,Dothideomycetes, Capnodiales, TeratosphaeriaceaeOTU4051,Ascomycota,Dothideomycetes,Dothideomycetes,,OTU407,Ascomycota,Dothideomycetes,Dothideomycetes, Capnodiales, mitosporic CapnodialesOTU4076,Ascomycota,Dothideomycetes,Dothideomycetes, Capnodiales, TeratosphaeriaceaeOTU4077,Ascomycota,Dothideomycetes,Dothideomycetes, Capnodiales, TeratosphaeriaceaeOTU409,Ascomycota,Dothideomycetes,Dothideomycetes, Dothideales, DothideaceaeOTU4090,Ascomycota,Dothideomycetes,Dothideomycetes, Capnodiales, MycosphaerellaceaeOTU4097,Ascomycota,Dothideomycetes,Dothideomycetes, Capnodiales, DissoconiaceaeOTU41,Ascomycota,Dothideomycetes,Dothideomycetes, Pleosporales, PleosporineaeOTU4279,Ascomycota,Dothideomycetes,Dothideomycetes,,OTU428,Ascomycota,Dothideomycetes,Dothideomycetes, Capnodiales, Capnodiales incertae sedisOTU4283,Ascomycota,Dothideomycetes,Dothideomycetes, Capnodiales, MycosphaerellaceaeOTU4291,Ascomycota,Dothideomycetes,Dothideomycetes, Capnodiales, MycosphaerellaceaeOTU4298,Ascomycota,Dothideomycetes,Dothideomycetes, Capnodiales, CapnodiaceaeOTU4307,Ascomycota,Dothideomycetes,Dothideomycetes, Pleosporales, PleosporineaeOTU431,Ascomycota,Dothideomycetes,Dothideomycetes, Capnodiales, MycosphaerellaceaeOTU4351,Ascomycota,Dothideomycetes,Dothideomycetes, Pleosporales, PleosporineaeOTU4404,Ascomycota,Dothideomycetes,Dothideomycetes, Capnodiales, mitosporic CapnodialesOTU442,Ascomycota,Dothideomycetes,Dothideomycetes, Capnodiales, TeratosphaeriaceaeOTU445,Ascomycota,Dothideomycetes,Dothideomycetes, Pleiochaeta setosa,OTU4495,Ascomycota,Dothideomycetes,Dothideomycetes, Capnodiales, MycosphaerellaceaeOTU4521,Ascomycota,Dothideomycetes,Dothideomycetes, Capnodiales, TeratosphaeriaceaeOTU453,Ascomycota,Dothideomycetes,Dothideomycetes, Capnodiales, Capnodiales incertae sedisOTU4535,Ascomycota,Dothideomycetes,Dothideomycetes, Capnodiales, MycosphaerellaceaeOTU4555,Ascomycota,Dothideomycetes,Dothideomycetes, Capnodiales, CapnodiaceaeOTU4565,Ascomycota,Dothideomycetes,Dothideomycetes, Pleosporales, PleosporineaeOTU4573,Ascomycota,Dothideomycetes,Dothideomycetes, Capnodiales, MycosphaerellaceaeOTU458,Ascomycota,Dothideomycetes,Dothideomycetes, Pleosporales, PleosporineaeOTU459,Ascomycota,Dothideomycetes,Dothideomycetes, Capnodiales, MycosphaerellaceaeOTU46,Ascomycota,Dothideomycetes,Dothideomycetes, Pleosporales, mitosporic PleosporalesOTU4616,Ascomycota,Dothideomycetes,Dothideomycetes, Pleosporales, PleosporineaeOTU4619,Ascomycota,Dothideomycetes,Dothideomycetes, Dothideales, DothideaceaeOTU4625,Ascomycota,Dothideomycetes,Dothideomycetes, Dothideales, DothideaceaeOTU467,Ascomycota,Dothideomycetes,Dothideomycetes, Dothideomycetes sp. CCFEE 5409,OTU47,Ascomycota,Dothideomycetes,Dothideomycetes, Pleosporales, PleosporineaeOTU474,Ascomycota,Dothideomycetes,Dothideomycetes, Botryosphaeriales, BotryosphaeriaceaeOTU4759,Ascomycota,Dothideomycetes,Dothideomycetes, Pleosporales, PleosporineaeOTU476,Ascomycota,Dothideomycetes,Dothideomycetes, Capnodiales, MycosphaerellaceaeOTU48,Ascomycota,Dothideomycetes,Dothideomycetes, Capnodiales, CladosporiaceaeOTU481,Ascomycota,Dothideomycetes,Dothideomycetes, Dothideales, DothideaceaeOTU4860,Ascomycota,Dothideomycetes,Dothideomycetes, Capnodiales, CladosporiaceaeOTU488,Ascomycota,Dothideomycetes,Dothideomycetes, Capnodiales, CladosporiaceaeOTU489,Ascomycota,Dothideomycetes,Dothideomycetes, Dothideales, DothideaceaeOTU493,Ascomycota,Dothideomycetes,Dothideomycetes, Pleosporales, MassarineaeOTU509,Ascomycota,Dothideomycetes,Dothideomycetes, Capnodiales, MycosphaerellaceaeOTU515,Ascomycota,Dothideomycetes,Dothideomycetes, Asterinales, AsterinaceaeOTU517,Ascomycota,Dothideomycetes,Dothideomycetes, Capnodiales, TeratosphaeriaceaeOTU522,Ascomycota,Dothideomycetes,Dothideomycetes, Botryosphaeriales, BotryosphaeriaceaeOTU524,Ascomycota,Dothideomycetes,Dothideomycetes, Capnodiales, TeratosphaeriaceaeOTU53,Ascomycota,Dothideomycetes,Dothideomycetes, Capnodiales, MycosphaerellaceaeOTU531,Ascomycota,Dothideomycetes,Dothideomycetes, Myriangiales, ElsinoaceaeOTU532,Ascomycota,Dothideomycetes,Dothideomycetes, Capnodiales, MycosphaerellaceaeOTU533,Ascomycota,Dothideomycetes,Dothideomycetes, Capnodiales, TeratosphaeriaceaeOTU54,Ascomycota,Dothideomycetes,Dothideomycetes, Epicoccum, Epicoccum nigrumOTU546,Ascomycota,Dothideomycetes,Dothideomycetes, Capnodiales, TeratosphaeriaceaeOTU556,Ascomycota,Dothideomycetes,Dothideomycetes, Pleosporales, PleosporineaeOTU560,Ascomycota,Dothideomycetes,Dothideomycetes, Capnodiales, MycosphaerellaceaeOTU564,Ascomycota,Dothideomycetes,Dothideomycetes, Capnodiales, TeratosphaeriaceaeOTU565,Ascomycota,Dothideomycetes,Dothideomycetes, Pleosporales, PleosporineaeOTU579,Ascomycota,Dothideomycetes,Dothideomycetes, Myriangiales, ElsinoaceaeOTU582,Ascomycota,Dothideomycetes,Dothideomycetes, Pleosporales, SporormiaceaeOTU589,Ascomycota,Dothideomycetes,Dothideomycetes, Capnodiales, TeratosphaeriaceaeOTU595,Ascomycota,Dothideomycetes,Dothideomycetes, Pleosporales, unclassified PleosporalesOTU610,Ascomycota,Dothideomycetes,Dothideomycetes, Capnodiales, TeratosphaeriaceaeOTU618,Ascomycota,Dothideomycetes,Dothideomycetes,,OTU624,Ascomycota,Dothideomycetes,Dothideomycetes, Pleosporales, SporormiaceaeOTU637,Ascomycota,Dothideomycetes,Dothideomycetes, Dothideales, DothioraceaeOTU645,Ascomycota,Dothideomycetes,Dothideomycetes, Epicoccum, Epicoccum nigrumOTU646,Ascomycota,Dothideomycetes,Dothideomycetes, Capnodiales, MycosphaerellaceaeOTU652,Ascomycota,Dothideomycetes,Dothideomycetes, Dothideales, DothioraceaeOTU653,Ascomycota,Dothideomycetes,Dothideomycetes,,OTU666,Ascomycota,Dothideomycetes,Dothideomycetes, Capnodiales, MycosphaerellaceaeOTU675,Ascomycota,Dothideomycetes,Dothideomycetes, Capnodiales, TeratosphaeriaceaeOTU69,Ascomycota,Dothideomycetes,Dothideomycetes, Pleosporales, MassarineaeOTU7,Ascomycota,Dothideomycetes,Dothideomycetes, Botryosphaeriales, PhyllostictaceaeOTU701,Ascomycota,Dothideomycetes,Dothideomycetes, Pleosporales, SporormiaceaeOTU706,Ascomycota,Dothideomycetes,Dothideomycetes, Pleosporales, LophiostomataceaeOTU707,Ascomycota,Dothideomycetes,Dothideomycetes, Dothideomycetes sp. CCFEE 5409,OTU710,Ascomycota,Dothideomycetes,Dothideomycetes, Myriangiales, MyriangiaceaeOTU712,Ascomycota,Dothideomycetes,Dothideomycetes, Dothideales, DothioraceaeOTU716,Ascomycota,Dothideomycetes,Dothideomycetes, Pleosporales, PleosporineaeOTU722,Ascomycota,Dothideomycetes,Dothideomycetes, Pleosporales, PleosporineaeOTU729,Ascomycota,Dothideomycetes,Dothideomycetes, Venturiales, VenturiaceaeOTU748,Ascomycota,Dothideomycetes,Dothideomycetes, Capnodiales, TeratosphaeriaceaeOTU749,Ascomycota,Dothideomycetes,Dothideomycetes, Capnodiales, MycosphaerellaceaeOTU750,Ascomycota,Dothideomycetes,Dothideomycetes, Capnodiales, TeratosphaeriaceaeOTU759,Ascomycota,Dothideomycetes,Dothideomycetes, Venturiales, VenturiaceaeOTU760,Ascomycota,Dothideomycetes,Dothideomycetes, Capnodiales, CladosporiaceaeOTU761,Ascomycota,Dothideomycetes,Dothideomycetes, Pleosporales, unclassified PleosporalesOTU771,Ascomycota,Dothideomycetes,Dothideomycetes, Capnodiales, TeratosphaeriaceaeOTU776,Ascomycota,Dothideomycetes,Dothideomycetes, Capnodiales, MycosphaerellaceaeOTU783,Ascomycota,Dothideomycetes,Dothideomycetes, Pleosporales, PleosporineaeOTU789,Ascomycota,Dothideomycetes,Dothideomycetes, Pleosporales, PleosporineaeOTU79,Ascomycota,Dothideomycetes,Dothideomycetes, Dothideales, DothioraceaeOTU8,Ascomycota,Dothideomycetes,Dothideomycetes, Capnodiales, MycosphaerellaceaeOTU803,Ascomycota,Dothideomycetes,Dothideomycetes, Pleosporales, PleosporineaeOTU805,Ascomycota,Dothideomycetes,Dothideomycetes, Capnodiales, TeratosphaeriaceaeOTU81,Ascomycota,Dothideomycetes,Dothideomycetes, Capnodiales, MycosphaerellaceaeOTU810,Ascomycota,Dothideomycetes,Dothideomycetes, Botryosphaeriales, PhyllostictaceaeOTU820,Ascomycota,Dothideomycetes,Dothideomycetes, Capnodiales, MycosphaerellaceaeOTU846,Ascomycota,Dothideomycetes,Dothideomycetes, Capnodiales, MycosphaerellaceaeOTU86,Ascomycota,Dothideomycetes,Dothideomycetes, Torula herbarum,OTU863,Ascomycota,Dothideomycetes,Dothideomycetes, Capnodiales, TeratosphaeriaceaeOTU865,Ascomycota,Dothideomycetes,Dothideomycetes, Capnodiales, TeratosphaeriaceaeOTU866,Ascomycota,Dothideomycetes,Dothideomycetes, Capnodiales, TeratosphaeriaceaeOTU869,Ascomycota,Dothideomycetes,Dothideomycetes, Homortomyces, Homortomyces combretiOTU883,Ascomycota,Dothideomycetes,Dothideomycetes, Pleosporales, unclassified PleosporalesOTU884,Ascomycota,Dothideomycetes,Dothideomycetes, Capnodiales, MycosphaerellaceaeOTU891,Ascomycota,Dothideomycetes,Dothideomycetes, Capnodiales, MycosphaerellaceaeOTU897,Ascomycota,Dothideomycetes,Dothideomycetes, Capnodiales, MycosphaerellaceaeOTU9,Ascomycota,Dothideomycetes,Dothideomycetes, Pleosporales, PleosporineaeOTU923,Ascomycota,Dothideomycetes,Dothideomycetes, Dothideales, DothioraceaeOTU931,Ascomycota,Dothideomycetes,Dothideomycetes, Capnodiales, TeratosphaeriaceaeOTU970,Ascomycota,Dothideomycetes,Dothideomycetes, Capnodiales, MycosphaerellaceaeOTU975,Ascomycota,Dothideomycetes,Dothideomycetes, Capnodiales, MycosphaerellaceaeOTU985,Ascomycota,Dothideomycetes,Dothideomycetes, Capnodiales, MycosphaerellaceaeOTU987,Ascomycota,Dothideomycetes,Dothideomycetes, Capnodiales, MycosphaerellaceaeOTU992,Ascomycota,Dothideomycetes,Dothideomycetes, Capnodiales, MycosphaerellaceaeOTU994,Ascomycota,Dothideomycetes,Dothideomycetes, Capnodiales, MycosphaerellaceaeOTU995,Ascomycota,Dothideomycetes,Dothideomycetes, Capnodiales, MycosphaerellaceaeOTU284,Ascomycota,Dothideomycetes,Dothideomycetes,,OTU452,Ascomycota,Dothideomycetes,Dothideomycetes,,OTU1007,Ascomycota,Eurotiomycetes,Eurotiomycetes, Chaetothyriales, HerpotrichiellaceaeOTU101,Ascomycota,Eurotiomycetes,Eurotiomycetes, Eurotiales, AspergillaceaeOTU102,Ascomycota,Eurotiomycetes,Eurotiomycetes, Chaetothyriales, HerpotrichiellaceaeOTU1045,Ascomycota,Eurotiomycetes,Eurotiomycetes, Chaetothyriales, unclassified ChaetothyrialesOTU1088,Ascomycota,Eurotiomycetes,Eurotiomycetes, Chaetothyriales, HerpotrichiellaceaeOTU1167,Ascomycota,Eurotiomycetes,Eurotiomycetes, Eurotiales, AspergillaceaeOTU123,Ascomycota,Eurotiomycetes,Eurotiomycetes, Eurotiales, AspergillaceaeOTU1242,Ascomycota,Eurotiomycetes,Eurotiomycetes, Chaetothyriales,OTU1252,Ascomycota,Eurotiomycetes,Eurotiomycetes, Chaetothyriales,OTU1268,Ascomycota,Eurotiomycetes,Eurotiomycetes, Chaetothyriales, ChaetothyriaceaeOTU1271,Ascomycota,Eurotiomycetes,Eurotiomycetes, Chaetothyriales, HerpotrichiellaceaeOTU1299,Ascomycota,Eurotiomycetes,Eurotiomycetes, Chaetothyriales, CyphellophoraceaeOTU1337,Ascomycota,Eurotiomycetes,Eurotiomycetes, Chaetothyriales,OTU1347,Ascomycota,Eurotiomycetes,Eurotiomycetes, Eurotiales, AspergillaceaeOTU1378,Ascomycota,Eurotiomycetes,Eurotiomycetes, Chaetothyriales,OTU1410,Ascomycota,Eurotiomycetes,Eurotiomycetes, unclassified Chaetothyriomycetidae, Chaetothyriomycetidae sp. NC1419OTU1447,Ascomycota,Eurotiomycetes,Eurotiomycetes, unclassified Chaetothyriomycetidae, Chaetothyriomycetidae sp. NC1419OTU1466,Ascomycota,Eurotiomycetes,Eurotiomycetes, Chaetothyriales,OTU1516,Ascomycota,Eurotiomycetes,Eurotiomycetes, Chaetothyriales, HerpotrichiellaceaeOTU1540,Ascomycota,Eurotiomycetes,Eurotiomycetes, Chaetothyriales, HerpotrichiellaceaeOTU1549,Ascomycota,Eurotiomycetes,Eurotiomycetes, Chaetothyriales, HerpotrichiellaceaeOTU1552,Ascomycota,Eurotiomycetes,Eurotiomycetes, Chaetothyriales, ChaetothyriaceaeOTU1617,Ascomycota,Eurotiomycetes,Eurotiomycetes, Eurotiales, AspergillaceaeOTU1637,Ascomycota,Eurotiomycetes,Eurotiomycetes, Phaeomoniellales, Phaeomoniellales incertae sedisOTU1641,Ascomycota,Eurotiomycetes,Eurotiomycetes, Chaetothyriales,OTU1660,Ascomycota,Eurotiomycetes,Eurotiomycetes, Chaetothyriales,OTU1668,Ascomycota,Eurotiomycetes,Eurotiomycetes, Chaetothyriales,OTU1724,Ascomycota,Eurotiomycetes,Eurotiomycetes, Chaetothyriales,OTU1777,Ascomycota,Eurotiomycetes,Eurotiomycetes, Chaetothyriales, HerpotrichiellaceaeOTU1796,Ascomycota,Eurotiomycetes,Eurotiomycetes, Chaetothyriales, HerpotrichiellaceaeOTU1812,Ascomycota,Eurotiomycetes,Eurotiomycetes, Chaetothyriales, unclassified ChaetothyrialesOTU1830,Ascomycota,Eurotiomycetes,Eurotiomycetes, Chaetothyriales, unclassified ChaetothyrialesOTU1925,Ascomycota,Eurotiomycetes,Eurotiomycetes, Chaetothyriales,OTU1928,Ascomycota,Eurotiomycetes,Eurotiomycetes, Chaetothyriales,OTU1931,Ascomycota,Eurotiomycetes,Eurotiomycetes, Chaetothyriales,OTU1937,Ascomycota,Eurotiomycetes,Eurotiomycetes, Chaetothyriales,OTU1942,Ascomycota,Eurotiomycetes,Eurotiomycetes,,OTU2154,Ascomycota,Eurotiomycetes,Eurotiomycetes,,OTU2167,Ascomycota,Eurotiomycetes,Eurotiomycetes, Chaetothyriales,OTU2193,Ascomycota,Eurotiomycetes,Eurotiomycetes, Chaetothyriales,OTU2196,Ascomycota,Eurotiomycetes,Eurotiomycetes, Chaetothyriales,OTU2208,Ascomycota,Eurotiomycetes,Eurotiomycetes,,OTU2252,Ascomycota,Eurotiomycetes,Eurotiomycetes, Chaetothyriales, HerpotrichiellaceaeOTU2283,Ascomycota,Eurotiomycetes,Eurotiomycetes, Chaetothyriales,OTU2316,Ascomycota,Eurotiomycetes,Eurotiomycetes, Phaeomoniellales, Phaeomoniellales incertae sedisOTU2318,Ascomycota,Eurotiomycetes,Eurotiomycetes, Chaetothyriales,OTU2343,Ascomycota,Eurotiomycetes,Eurotiomycetes, Phaeomoniellales, Phaeomoniellales incertae sedisOTU2354,Ascomycota,Eurotiomycetes,Eurotiomycetes, Chaetothyriales,OTU2409,Ascomycota,Eurotiomycetes,Eurotiomycetes,,OTU2440,Ascomycota,Eurotiomycetes,Eurotiomycetes, Chaetothyriales, HerpotrichiellaceaeOTU2449,Ascomycota,Eurotiomycetes,Eurotiomycetes, Eurotiales, AspergillaceaeOTU2480,Ascomycota,Eurotiomycetes,Eurotiomycetes, Chaetothyriales,OTU2523,Ascomycota,Eurotiomycetes,Eurotiomycetes, Chaetothyriales,OTU254,Ascomycota,Eurotiomycetes,Eurotiomycetes, Chaetothyriales, HerpotrichiellaceaeOTU2550,Ascomycota,Eurotiomycetes,Eurotiomycetes, Eurotiales, AspergillaceaeOTU2556,Ascomycota,Eurotiomycetes,Eurotiomycetes,,OTU2576,Ascomycota,Eurotiomycetes,Eurotiomycetes, Chaetothyriales, unclassified ChaetothyrialesOTU2628,Ascomycota,Eurotiomycetes,Eurotiomycetes, Eurotiales, AspergillaceaeOTU2640,Ascomycota,Eurotiomycetes,Eurotiomycetes, Chaetothyriales, HerpotrichiellaceaeOTU2642,Ascomycota,Eurotiomycetes,Eurotiomycetes, Chaetothyriales,OTU2646,Ascomycota,Eurotiomycetes,Eurotiomycetes, Phaeomoniellales, Phaeomoniellales incertae sedisOTU2665,Ascomycota,Eurotiomycetes,Eurotiomycetes, Chaetothyriales,OTU2672,Ascomycota,Eurotiomycetes,Eurotiomycetes, Chaetothyriales,OTU2686,Ascomycota,Eurotiomycetes,Eurotiomycetes, Chaetothyriales, HerpotrichiellaceaeOTU27,Ascomycota,Eurotiomycetes,Eurotiomycetes, Eurotiales, AspergillaceaeOTU2706,Ascomycota,Eurotiomycetes,Eurotiomycetes, Chaetothyriales,OTU2791,Ascomycota,Eurotiomycetes,Eurotiomycetes, Chaetothyriales, unclassified ChaetothyrialesOTU2842,Ascomycota,Eurotiomycetes,Eurotiomycetes,,OTU29,Ascomycota,Eurotiomycetes,Eurotiomycetes, Eurotiales, AspergillaceaeOTU294,Ascomycota,Eurotiomycetes,Eurotiomycetes, Phaeomoniellales, Phaeomoniellales incertae sedisOTU2965,Ascomycota,Eurotiomycetes,Eurotiomycetes, Chaetothyriales,OTU2973,Ascomycota,Eurotiomycetes,Eurotiomycetes, Chaetothyriales,OTU2984,Ascomycota,Eurotiomycetes,Eurotiomycetes, Chaetothyriales,OTU2991,Ascomycota,Eurotiomycetes,Eurotiomycetes, Eurotiales, AspergillaceaeOTU3003,Ascomycota,Eurotiomycetes,Eurotiomycetes, Phaeomoniellales, Phaeomoniellales incertae sedisOTU3009,Ascomycota,Eurotiomycetes,Eurotiomycetes, Eurotiales, AspergillaceaeOTU3022,Ascomycota,Eurotiomycetes,Eurotiomycetes, Chaetothyriales,OTU3054,Ascomycota,Eurotiomycetes,Eurotiomycetes, Eurotiales, AspergillaceaeOTU3105,Ascomycota,Eurotiomycetes,Eurotiomycetes, Chaetothyriales, HerpotrichiellaceaeOTU3106,Ascomycota,Eurotiomycetes,Eurotiomycetes, Chaetothyriales,OTU313,Ascomycota,Eurotiomycetes,Eurotiomycetes,,OTU3137,Ascomycota,Eurotiomycetes,Eurotiomycetes, Eurotiales, AspergillaceaeOTU3158,Ascomycota,Eurotiomycetes,Eurotiomycetes, Chaetothyriales,OTU3165,Ascomycota,Eurotiomycetes,Eurotiomycetes, Eurotiales, AspergillaceaeOTU329,Ascomycota,Eurotiomycetes,Eurotiomycetes, Eurotiales, AspergillaceaeOTU3345,Ascomycota,Eurotiomycetes,Eurotiomycetes, Chaetothyriales,OTU3537,Ascomycota,Eurotiomycetes,Eurotiomycetes, Eurotiales, TrichocomaceaeOTU3544,Ascomycota,Eurotiomycetes,Eurotiomycetes, Chaetothyriales, HerpotrichiellaceaeOTU3557,Ascomycota,Eurotiomycetes,Eurotiomycetes, Chaetothyriales, HerpotrichiellaceaeOTU3566,Ascomycota,Eurotiomycetes,Eurotiomycetes, Chaetothyriales,OTU3623,Ascomycota,Eurotiomycetes,Eurotiomycetes, Eurotiales, AspergillaceaeOTU3626,Ascomycota,Eurotiomycetes,Eurotiomycetes, Chaetothyriales,OTU3633,Ascomycota,Eurotiomycetes,Eurotiomycetes, Chaetothyriales,OTU3654,Ascomycota,Eurotiomycetes,Eurotiomycetes, Chaetothyriales,OTU3676,Ascomycota,Eurotiomycetes,Eurotiomycetes, Chaetothyriales,OTU3803,Ascomycota,Eurotiomycetes,Eurotiomycetes, Chaetothyriales, HerpotrichiellaceaeOTU3812,Ascomycota,Eurotiomycetes,Eurotiomycetes, Chaetothyriales,OTU3815,Ascomycota,Eurotiomycetes,Eurotiomycetes,,OTU3847,Ascomycota,Eurotiomycetes,Eurotiomycetes, Chaetothyriales, HerpotrichiellaceaeOTU3978,Ascomycota,Eurotiomycetes,Eurotiomycetes, Eurotiales, AspergillaceaeOTU4098,Ascomycota,Eurotiomycetes,Eurotiomycetes, Chaetothyriales,OTU4104,Ascomycota,Eurotiomycetes,Eurotiomycetes, Chaetothyriales,OTU4190,Ascomycota,Eurotiomycetes,Eurotiomycetes, Chaetothyriales,OTU4191,Ascomycota,Eurotiomycetes,Eurotiomycetes, Chaetothyriales,OTU4193,Ascomycota,Eurotiomycetes,Eurotiomycetes,,OTU4303,Ascomycota,Eurotiomycetes,Eurotiomycetes,,OTU4323,Ascomycota,Eurotiomycetes,Eurotiomycetes, Chaetothyriales,OTU4346,Ascomycota,Eurotiomycetes,Eurotiomycetes, Chaetothyriales,OTU450,Ascomycota,Eurotiomycetes,Eurotiomycetes, Chaetothyriales,OTU462,Ascomycota,Eurotiomycetes,Eurotiomycetes, Eurotiales, AspergillaceaeOTU468,Ascomycota,Eurotiomycetes,Eurotiomycetes, Phaeomoniellales, Phaeomoniellales incertae sedisOTU4764,Ascomycota,Eurotiomycetes,Eurotiomycetes, Eurotiomycetes 9352,OTU499,Ascomycota,Eurotiomycetes,Eurotiomycetes, Chaetothyriales, HerpotrichiellaceaeOTU516,Ascomycota,Eurotiomycetes,Eurotiomycetes, Eurotiales, AspergillaceaeOTU550,Ascomycota,Eurotiomycetes,Eurotiomycetes, Chaetothyriales, ChaetothyriaceaeOTU580,Ascomycota,Eurotiomycetes,Eurotiomycetes, Chaetothyriales, HerpotrichiellaceaeOTU594,Ascomycota,Eurotiomycetes,Eurotiomycetes, Chaetothyriales,OTU611,Ascomycota,Eurotiomycetes,Eurotiomycetes, Chaetothyriales, HerpotrichiellaceaeOTU65,Ascomycota,Eurotiomycetes,Eurotiomycetes, Eurotiales, AspergillaceaeOTU662,Ascomycota,Eurotiomycetes,Eurotiomycetes,,OTU665,Ascomycota,Eurotiomycetes,Eurotiomycetes, Phaeomoniellales, Phaeomoniellales incertae sedisOTU667,Ascomycota,Eurotiomycetes,Eurotiomycetes, Chaetothyriales,OTU690,Ascomycota,Eurotiomycetes,Eurotiomycetes, Chaetothyriales, HerpotrichiellaceaeOTU798,Ascomycota,Eurotiomycetes,Eurotiomycetes, Eurotiales, AspergillaceaeOTU824,Ascomycota,Eurotiomycetes,Eurotiomycetes, Eurotiales, AspergillaceaeOTU860,Ascomycota,Eurotiomycetes,Eurotiomycetes, Chaetothyriales, mitosporic ChaetothyrialesOTU862,Ascomycota,Eurotiomycetes,Eurotiomycetes, Chaetothyriales, TrichomeriaceaeOTU864,Ascomycota,Eurotiomycetes,Eurotiomycetes, Chaetothyriales,OTU890,Ascomycota,Eurotiomycetes,Eurotiomycetes, Chaetothyriales, HerpotrichiellaceaeOTU894,Ascomycota,Eurotiomycetes,Eurotiomycetes, Chaetothyriales, HerpotrichiellaceaeOTU895,Ascomycota,Eurotiomycetes,Eurotiomycetes, Chaetothyriales,OTU921,Ascomycota,Eurotiomycetes,Eurotiomycetes, Chaetothyriales,OTU93,Ascomycota,Eurotiomycetes,Eurotiomycetes, Chaetothyriales,OTU956,Ascomycota,Eurotiomycetes,Eurotiomycetes, Phaeomoniellales, Phaeomoniellales incertae sedisOTU977,Ascomycota,Eurotiomycetes,Eurotiomycetes, Chaetothyriales,OTU997,Ascomycota,Eurotiomycetes,Eurotiomycetes, Chaetothyriales, HerpotrichiellaceaeOTU1579,Ascomycota,Lecanoromycetes,Lecanoromycetes, Lecanoromycetidae, CalicialesOTU175,Ascomycota,Lecanoromycetes,Lecanoromycetes, Lecanoromycetidae, PeltigeralesOTU176,Ascomycota,Lecanoromycetes,Lecanoromycetes, Umbilicariomycetidae, UmbilicarialesOTU1767,Ascomycota,Lecanoromycetes,Lecanoromycetes, Lecanoromycetidae, LecanoralesOTU1856,Ascomycota,Lecanoromycetes,Lecanoromycetes, Lecanoromycetidae, unclassified LecanoromycetidaeOTU1879,Ascomycota,Lecanoromycetes,Lecanoromycetes, Acarosporales, AcarosporaceaeOTU1985,Ascomycota,Lecanoromycetes,Lecanoromycetes, Lecanoromycetidae, Lecanoromycetidae incertae sedisOTU2090,Ascomycota,Lecanoromycetes,Lecanoromycetes, Ostropomycetidae, OstropalesOTU2245,Ascomycota,Lecanoromycetes,Lecanoromycetes, Lecanoromycetidae, LecanoralesOTU2325,Ascomycota,Lecanoromycetes,Lecanoromycetes, Lecanoromycetidae, LecanoralesOTU2447,Ascomycota,Lecanoromycetes,Lecanoromycetes, Lecanoromycetidae, PeltigeralesOTU2501,Ascomycota,Lecanoromycetes,Lecanoromycetes, Lecanoromycetidae, LecanoralesOTU2713,Ascomycota,Lecanoromycetes,Lecanoromycetes, Ostropomycetidae, PertusarialesOTU2735,Ascomycota,Lecanoromycetes,Lecanoromycetes, Lecanoromycetidae, LecanoralesOTU3199,Ascomycota,Lecanoromycetes,Lecanoromycetes, Lecanoromycetidae, LecanoralesOTU3266,Ascomycota,Lecanoromycetes,Lecanoromycetes, Lecanoromycetidae, PeltigeralesOTU3839,Ascomycota,Lecanoromycetes,Lecanoromycetes, Lecanoromycetidae, LecanoralesOTU3844,Ascomycota,Lecanoromycetes,Lecanoromycetes, Sarea, Sarea difformisOTU4095,Ascomycota,Lecanoromycetes,Lecanoromycetes, Ostropomycetidae, PertusarialesOTU4396,Ascomycota,Lecanoromycetes,Lecanoromycetes, Umbilicariomycetidae, UmbilicarialesOTU4482,Ascomycota,Lecanoromycetes,Lecanoromycetes, Lecanoromycetidae, CalicialesOTU4554,Ascomycota,Lecanoromycetes,Lecanoromycetes, Lecanoromycetidae, LecanoralesOTU4794,Ascomycota,Lecanoromycetes,Lecanoromycetes, Ostropomycetidae, PertusarialesOTU669,Ascomycota,Lecanoromycetes,Lecanoromycetes, Umbilicariomycetidae, UmbilicarialesOTU677,Ascomycota,Lecanoromycetes,Lecanoromycetes, Sarea,OTU72,Ascomycota,Lecanoromycetes,Lecanoromycetes, Lecanoromycetidae, PeltigeralesOTU756,Ascomycota,Lecanoromycetes,Lecanoromycetes, Lecanoromycetidae, LecanoralesOTU917,Ascomycota,Lecanoromycetes,Lecanoromycetes, Lecanoromycetidae, LecanoralesOTU1180,Ascomycota,Lecanoromycetes,Lecanoromycetes,,OTU10,Ascomycota,Leotiomycetes,Leotiomycetes, Rhytismataceae, ElytrodermaOTU1019,Ascomycota,Leotiomycetes,Leotiomycetes, Hyaloscyphaceae, unclassified HyaloscyphaceaeOTU1021,Ascomycota,Leotiomycetes,Leotiomycetes, Phacidiaceae, AllantophomopsisOTU103,Ascomycota,Leotiomycetes,Leotiomycetes, Leotiomycetes sp. DC2068,OTU1058,Ascomycota,Leotiomycetes,Leotiomycetes, mitosporic Helotiales, PilidiumOTU1076,Ascomycota,Leotiomycetes,Leotiomycetes, Dermateaceae, PeziculaOTU1092,Ascomycota,Leotiomycetes,Leotiomycetes, Helotiaceae, mitosporic HelotiaceaeOTU1109,Ascomycota,Leotiomycetes,Leotiomycetes, Hemiphacidiaceae, RhabdoclineOTU1110,Ascomycota,Leotiomycetes,Leotiomycetes, Dermateaceae, ScleropeziculaOTU1138,Ascomycota,Leotiomycetes,Leotiomycetes, Dermateaceae, NeofabraeaOTU1153,Ascomycota,Leotiomycetes,Leotiomycetes, Hyaloscyphaceae, LachnumOTU120,Ascomycota,Leotiomycetes,Leotiomycetes, Helotiaceae, HymenoscyphusOTU122,Ascomycota,Leotiomycetes,Leotiomycetes, Sclerotiniaceae, BotrytisOTU1273,Ascomycota,Leotiomycetes,Leotiomycetes, Leohumicola, Leohumicola minimaOTU1325,Ascomycota,Leotiomycetes,Leotiomycetes, mitosporic Helotiales, Phialocephala <Helotiales>OTU1349,Ascomycota,Leotiomycetes,Leotiomycetes, Helotiaceae, mitosporic HelotiaceaeOTU1358,Ascomycota,Leotiomycetes,Leotiomycetes, Helotiales incertae sedis, MycoarthrisOTU1411,Ascomycota,Leotiomycetes,Leotiomycetes, Dermateaceae, NeofabraeaOTU146,Ascomycota,Leotiomycetes,Leotiomycetes, Rhytismataceae, LophodermiumOTU1470,Ascomycota,Leotiomycetes,Leotiomycetes, Erysiphaceae, ErysipheOTU1492,Ascomycota,Leotiomycetes,Leotiomycetes, mitosporic Helotiales, InfundichalaraOTU1495,Ascomycota,Leotiomycetes,Leotiomycetes, Rhytismataceae, LophodermiumOTU1517,Ascomycota,Leotiomycetes,Leotiomycetes, mitosporic Helotiales, XenopolyscytalumOTU1523,Ascomycota,Leotiomycetes,Leotiomycetes, Rhytismataceae, LophodermiumOTU1543,Ascomycota,Leotiomycetes,Leotiomycetes, Helotiaceae, HymenoscyphusOTU1553,Ascomycota,Leotiomycetes,Leotiomycetes, Helotiaceae, ClaussenomycesOTU1576,Ascomycota,Leotiomycetes,Leotiomycetes,,OTU1640,Ascomycota,Leotiomycetes,Leotiomycetes, Sclerotiniaceae, PycnopezizaOTU170,Ascomycota,Leotiomycetes,Leotiomycetes, Rhytismataceae, LophodermiumOTU1732,Ascomycota,Leotiomycetes,Leotiomycetes, Leotiomycetes sp. genotype 124,OTU1741,Ascomycota,Leotiomycetes,Leotiomycetes, Hyaloscyphaceae, MicroscyphaOTU1775,Ascomycota,Leotiomycetes,Leotiomycetes, Helotiaceae, mitosporic HelotiaceaeOTU178,Ascomycota,Leotiomycetes,Leotiomycetes, Helotiales incertae sedis, NaemacyclusOTU1804,Ascomycota,Leotiomycetes,Leotiomycetes, unclassified Helotiales, Helotiales sp. PIMO_265OTU1811,Ascomycota,Leotiomycetes,Leotiomycetes, Hyaloscyphaceae, PezizellaOTU186,Ascomycota,Leotiomycetes,Leotiomycetes, Erysiphaceae, ErysipheOTU1914,Ascomycota,Leotiomycetes,Leotiomycetes, Erysiphaceae, ErysipheOTU2085,Ascomycota,Leotiomycetes,Leotiomycetes, Erysiphaceae, SawadaeaOTU21,Ascomycota,Leotiomycetes,Leotiomycetes, Rhytismataceae, LophodermiumOTU2169,Ascomycota,Leotiomycetes,Leotiomycetes, Hyaloscyphaceae, LachnumOTU2249,Ascomycota,Leotiomycetes,Leotiomycetes, Leotiomycetes sp. genotype 923 JMUR-2014,OTU2271,Ascomycota,Leotiomycetes,Leotiomycetes,,OTU2292,Ascomycota,Leotiomycetes,Leotiomycetes, Hyaloscyphaceae, PezizellaOTU2301,Ascomycota,Leotiomycetes,Leotiomycetes, mitosporic Helotiales, Phialocephala <Helotiales>OTU2313,Ascomycota,Leotiomycetes,Leotiomycetes, Helotiaceae, mitosporic HelotiaceaeOTU236,Ascomycota,Leotiomycetes,Leotiomycetes, Dermateaceae, NeofabraeaOTU2373,Ascomycota,Leotiomycetes,Leotiomycetes, Rhytismataceae, DavisomycellaOTU2393,Ascomycota,Leotiomycetes,Leotiomycetes, Erysiphaceae, ErysipheOTU242,Ascomycota,Leotiomycetes,Leotiomycetes, unclassified Helotiales, Helotiales sp. DU60OTU2422,Ascomycota,Leotiomycetes,Leotiomycetes, Hyaloscyphaceae, HyphodiscusOTU256,Ascomycota,Leotiomycetes,Leotiomycetes, Helotiaceae, ClaussenomycesOTU2626,Ascomycota,Leotiomycetes,Leotiomycetes, Leotiomycetes sp. genotype 923 JMUR-2014,OTU2733,Ascomycota,Leotiomycetes,Leotiomycetes, Leotiaceae, FlagellosporaOTU2741,Ascomycota,Leotiomycetes,Leotiomycetes, Erysiphaceae, ErysipheOTU286,Ascomycota,Leotiomycetes,Leotiomycetes, Rhytismataceae, LophodermiumOTU2897,Ascomycota,Leotiomycetes,Leotiomycetes, Helotiaceae, unclassified HelotiaceaeOTU290,Ascomycota,Leotiomycetes,Leotiomycetes, Rhytismataceae, LophodermiumOTU2982,Ascomycota,Leotiomycetes,Leotiomycetes, Sclerotiniaceae, BotrytisOTU3,Ascomycota,Leotiomycetes,Leotiomycetes, Rhytismataceae, DavisomycellaOTU3064,Ascomycota,Leotiomycetes,Leotiomycetes, Rhytismataceae, LophodermiumOTU3073,Ascomycota,Leotiomycetes,Leotiomycetes, Helotiaceae, mitosporic HelotiaceaeOTU3088,Ascomycota,Leotiomycetes,Leotiomycetes, unclassified Helotiales, Helotiales sp. 1 RB-2011OTU3107,Ascomycota,Leotiomycetes,Leotiomycetes, Helotiales incertae sedis, NaemacyclusOTU3190,Ascomycota,Leotiomycetes,Leotiomycetes, Leotiomycetes sp. ASR_H18_12A,OTU342,Ascomycota,Leotiomycetes,Leotiomycetes, Rhytismataceae, LophodermiumOTU351,Ascomycota,Leotiomycetes,Leotiomycetes, Leotiaceae, FlagellosporaOTU3538,Ascomycota,Leotiomycetes,Leotiomycetes, Sclerotiniaceae, BotrytisOTU3573,Ascomycota,Leotiomycetes,Leotiomycetes, unclassified Helotiales, Helotiales sp. PIMO_265OTU3611,Ascomycota,Leotiomycetes,Leotiomycetes, Hyaloscyphaceae, IncrucipulumOTU3617,Ascomycota,Leotiomycetes,Leotiomycetes, Leotiaceae, FlagellosporaOTU3670,Ascomycota,Leotiomycetes,Leotiomycetes, Helotiales incertae sedis, NaemacyclusOTU37,Ascomycota,Leotiomycetes,Leotiomycetes, Leotiomycetes sp. genotype 923 JMUR-2014,OTU370,Ascomycota,Leotiomycetes,Leotiomycetes, Rhytismataceae, BifusellaOTU3743,Ascomycota,Leotiomycetes,Leotiomycetes, Hyaloscyphaceae, HyphodiscusOTU3822,Ascomycota,Leotiomycetes,Leotiomycetes, Leohumicola, Leohumicola minimaOTU3849,Ascomycota,Leotiomycetes,Leotiomycetes, Helotiaceae, ClaussenomycesOTU3856,Ascomycota,Leotiomycetes,Leotiomycetes, Mycosymbioces, Mycosymbioces mycenaphilaOTU386,Ascomycota,Leotiomycetes,Leotiomycetes, Bulgariaceae, BulgariaOTU387,Ascomycota,Leotiomycetes,Leotiomycetes, Leotiaceae, FlagellosporaOTU3934,Ascomycota,Leotiomycetes,Leotiomycetes, unclassified Helotiales, Helotiales sp. REF050OTU401,Ascomycota,Leotiomycetes,Leotiomycetes, Helotiales incertae sedis, MycoarthrisOTU4049,Ascomycota,Leotiomycetes,Leotiomycetes, Rhytismataceae, DavisomycellaOTU4130,Ascomycota,Leotiomycetes,Leotiomycetes, mitosporic Helotiales, InfundichalaraOTU421,Ascomycota,Leotiomycetes,Leotiomycetes, Erysiphaceae, PodosphaeraOTU4269,Ascomycota,Leotiomycetes,Leotiomycetes, Rhytismataceae, LophodermiumOTU44,Ascomycota,Leotiomycetes,Leotiomycetes, mitosporic Helotiales, LeptodontidiumOTU4417,Ascomycota,Leotiomycetes,Leotiomycetes, mitosporic Helotiales, Phialocephala <Helotiales>OTU443,Ascomycota,Leotiomycetes,Leotiomycetes, Helotiaceae, ClaussenomycesOTU4448,Ascomycota,Leotiomycetes,Leotiomycetes, Leotiomycetes sp. genotype 923 JMUR-2014,OTU4603,Ascomycota,Leotiomycetes,Leotiomycetes, mitosporic Helotiales, HyalodendriellaOTU4607,Ascomycota,Leotiomycetes,Leotiomycetes, Rhytismataceae, LophodermiumOTU479,Ascomycota,Leotiomycetes,Leotiomycetes, Helotiaceae, ClaussenomycesOTU511,Ascomycota,Leotiomycetes,Leotiomycetes, Rhytismataceae, LophodermiumOTU518,Ascomycota,Leotiomycetes,Leotiomycetes,,OTU538,Ascomycota,Leotiomycetes,Leotiomycetes, mitosporic Helotiales, LeptodontidiumOTU548,Ascomycota,Leotiomycetes,Leotiomycetes, Leotiomycetes sp. ASR_H18_12A,OTU566,Ascomycota,Leotiomycetes,Leotiomycetes, Hemiphacidiaceae, RhabdoclineOTU587,Ascomycota,Leotiomycetes,Leotiomycetes, Helotiaceae, ClaussenomycesOTU674,Ascomycota,Leotiomycetes,Leotiomycetes, Leohumicola, Leohumicola minimaOTU685,Ascomycota,Leotiomycetes,Leotiomycetes, unclassified Helotiales, Helotiales sp. sd2aN4b(A)OTU705,Ascomycota,Leotiomycetes,Leotiomycetes, unclassified Helotiales, Helotiales sp. 1 RB-2011OTU714,Ascomycota,Leotiomycetes,Leotiomycetes, mitosporic Helotiales, Phialocephala <Helotiales>OTU726,Ascomycota,Leotiomycetes,Leotiomycetes, Hyaloscyphaceae, PezizellaOTU785,Ascomycota,Leotiomycetes,Leotiomycetes, Hyaloscyphaceae, LachnumOTU800,Ascomycota,Leotiomycetes,Leotiomycetes,,OTU808,Ascomycota,Leotiomycetes,Leotiomycetes, Helotiaceae, HymenoscyphusOTU819,Ascomycota,Leotiomycetes,Leotiomycetes,,OTU835,Ascomycota,Leotiomycetes,Leotiomycetes, unclassified Helotiales, Helotiales sp. PIMO_265OTU841,Ascomycota,Leotiomycetes,Leotiomycetes, Rhytismataceae, LophodermiumOTU861,Ascomycota,Leotiomycetes,Leotiomycetes, Hyaloscyphaceae, LachnumOTU87,Ascomycota,Leotiomycetes,Leotiomycetes, Dermateaceae, PeziculaOTU879,Ascomycota,Leotiomycetes,Leotiomycetes, unclassified Helotiales, Helotiales sp. REF050OTU900,Ascomycota,Leotiomycetes,Leotiomycetes, Helotiales incertae sedis, RoesleriaOTU901,Ascomycota,Leotiomycetes,Leotiomycetes, Dermateaceae, NeofabraeaOTU922,Ascomycota,Leotiomycetes,Leotiomycetes, Erysiphaceae, BlumeriaOTU95,Ascomycota,Leotiomycetes,Leotiomycetes, Rhytismataceae, LophodermiumOTU969,Ascomycota,Leotiomycetes,Leotiomycetes,,OTU986,Ascomycota,Leotiomycetes,Leotiomycetes, Rhytismataceae, DavisomycellaOTU989,Ascomycota,Leotiomycetes,Leotiomycetes, Erysiphaceae, PodosphaeraOTU344,Ascomycota,Leotiomycetes,Leotiomycetes,,OTU209,Ascomycota,Leotiomycetes,Leotiomycetes,,OTU1408,Ascomycota,Pezizomycetes,Pezizomycetes, Sarcosomataceae, unclassified SarcosomataceaeOTU1643,Ascomycota,Pezizomycetes,Pezizomycetes, Sarcoscyphaceae, PithyaOTU194,Ascomycota,Pezizomycetes,Pezizomycetes, unclassified Pezizales, Pezizales sp. P10OTU2942,Ascomycota,Pezizomycetes,Pezizomycetes, Pezizales incertae sedis, PhialeaOTU3814,Ascomycota,Pezizomycetes,Pezizomycetes, Pezizales incertae sedis, PhialeaOTU746,Ascomycota,Pezizomycetes,Pezizomycetes, Pezizomycetes sp. genotype 950 JMUR-2014,OTU999,Ascomycota,Pezizomycetes,Pezizomycetes, Pezizaceae, mitosporic PezizaceaeOTU1165,Ascomycota,Saccharomycetes,Saccharomycetes, Debaryomycetaceae, Candida kruisii cladeOTU1454,Ascomycota,Saccharomycetes,Saccharomycetes, mitosporic Saccharomycetales, CandidaOTU1514,Ascomycota,Saccharomycetes,Saccharomycetes, Phaffomycetaceae, CyberlindneraOTU1615,Ascomycota,Saccharomycetes,Saccharomycetes, Debaryomycetaceae, Candida/Lodderomyces cladeOTU1632,Ascomycota,Saccharomycetes,Saccharomycetes, Debaryomycetaceae, DebaryomycesOTU1694,Ascomycota,Saccharomycetes,Saccharomycetes, Phaffomycetaceae, WickerhamomycesOTU207,Ascomycota,Saccharomycetes,Saccharomycetes, Metschnikowiaceae, ClavisporaOTU210,Ascomycota,Saccharomycetes,Saccharomycetes, Debaryomycetaceae, Candida/Lodderomyces cladeOTU2352,Ascomycota,Saccharomycetes,Saccharomycetes, Saccharomycetaceae, KluyveromycesOTU3172,Ascomycota,Saccharomycetes,Saccharomycetes, Saccharomycetaceae, KluyveromycesOTU353,Ascomycota,Saccharomycetes,Saccharomycetes, Debaryomycetaceae, HyphopichiaOTU365,Ascomycota,Saccharomycetes,Saccharomycetes, mitosporic Saccharomycetales, CandidaOTU3768,Ascomycota,Saccharomycetes,Saccharomycetes, Saccharomycetaceae, SaccharomycesOTU3806,Ascomycota,Saccharomycetes,Saccharomycetes, Debaryomycetaceae, unclassified DebaryomycetaceaeOTU4400,Ascomycota,Saccharomycetes,Saccharomycetes, unclassified Saccharomycetales, Saccharomycetales sp. LM377OTU4530,Ascomycota,Saccharomycetes,Saccharomycetes, mitosporic Saccharomycetales, CandidaOTU4545,Ascomycota,Saccharomycetes,Saccharomycetes, Pichiaceae, OgataeaOTU523,Ascomycota,Saccharomycetes,Saccharomycetes, unclassified Saccharomycetales, Saccharomycetales sp. LM260OTU826,Ascomycota,Saccharomycetes,Saccharomycetes, Phaffomycetaceae, CyberlindneraOTU100,Ascomycota,Sordariomycetes,Sordariomycetes, Xylariales, AmphisphaeriaceaeOTU104,Ascomycota,Sordariomycetes,Sordariomycetes, Xylariales, ClypeosphaeriaceaeOTU106,Ascomycota,Sordariomycetes,Sordariomycetes, Diaporthales, HarknessiaceaeOTU1083,Ascomycota,Sordariomycetes,Sordariomycetes, Microascales, MicroascaceaeOTU1098,Ascomycota,Sordariomycetes,Sordariomycetes, Hypocreales, NectriaceaeOTU1099,Ascomycota,Sordariomycetes,Sordariomycetes, Hypocreales, HypocreaceaeOTU1105,Ascomycota,Sordariomycetes,Sordariomycetes, Diaporthales, GnomoniaceaeOTU1106,Ascomycota,Sordariomycetes,Sordariomycetes, Diaporthales, ValsaceaeOTU1114,Ascomycota,Sordariomycetes,Sordariomycetes, Xylariales, AmphisphaeriaceaeOTU1115,Ascomycota,Sordariomycetes,Sordariomycetes, Xylariales, unclassified XylarialesOTU1116,Ascomycota,Sordariomycetes,Sordariomycetes, Xylariales, XylariaceaeOTU1130,Ascomycota,Sordariomycetes,Sordariomycetes, Microascales, Microascales incertae sedisOTU1134,Ascomycota,Sordariomycetes,Sordariomycetes, Hypocreales, mitosporic HypocrealesOTU1192,Ascomycota,Sordariomycetes,Sordariomycetes, Xylariales, AmphisphaeriaceaeOTU1203,Ascomycota,Sordariomycetes,Sordariomycetes,,OTU1236,Ascomycota,Sordariomycetes,Sordariomycetes, Xylariales, HyponectriaceaeOTU1281,Ascomycota,Sordariomycetes,Sordariomycetes, Xylariales, GraphostromataceaeOTU1313,Ascomycota,Sordariomycetes,Sordariomycetes, Glomerellales, PlectosphaerellaceaeOTU1323,Ascomycota,Sordariomycetes,Sordariomycetes, Hypocreales, NectriaceaeOTU1343,Ascomycota,Sordariomycetes,Sordariomycetes, Hypocreales, OphiocordycipitaceaeOTU1372,Ascomycota,Sordariomycetes,Sordariomycetes, Diaporthales, HarknessiaceaeOTU1387,Ascomycota,Sordariomycetes,Sordariomycetes, Xylariales, AmphisphaeriaceaeOTU1393,Ascomycota,Sordariomycetes,Sordariomycetes,,OTU1397,Ascomycota,Sordariomycetes,Sordariomycetes, Hypocreales, NectriaceaeOTU143,Ascomycota,Sordariomycetes,Sordariomycetes, Xylariales, AmphisphaeriaceaeOTU1457,Ascomycota,Sordariomycetes,Sordariomycetes, Hypocreales, CordycipitaceaeOTU1461,Ascomycota,Sordariomycetes,Sordariomycetes, Sordariales, ChaetomiaceaeOTU15,Ascomycota,Sordariomycetes,Sordariomycetes, Xylariales, AmphisphaeriaceaeOTU156,Ascomycota,Sordariomycetes,Sordariomycetes, Xylariales, ClypeosphaeriaceaeOTU1591,Ascomycota,Sordariomycetes,Sordariomycetes, Trichosphaeriales, TrichosphaeriaceaeOTU1642,Ascomycota,Sordariomycetes,Sordariomycetes, Hypocreomycetidae incertae sedis, PleurotheciellaOTU1768,Ascomycota,Sordariomycetes,Sordariomycetes, Polyscytalum, Polyscytalum algarvenseOTU177,Ascomycota,Sordariomycetes,Sordariomycetes, Xylariales, AmphisphaeriaceaeOTU18,Ascomycota,Sordariomycetes,Sordariomycetes, Xylariales, AmphisphaeriaceaeOTU1813,Ascomycota,Sordariomycetes,Sordariomycetes, Xylariales, AmphisphaeriaceaeOTU1814,Ascomycota,Sordariomycetes,Sordariomycetes, Hypocreales, CordycipitaceaeOTU1854,Ascomycota,Sordariomycetes,Sordariomycetes, Xylariales, HyponectriaceaeOTU1924,Ascomycota,Sordariomycetes,Sordariomycetes,,OTU1929,Ascomycota,Sordariomycetes,Sordariomycetes, Hypocreales, mitosporic HypocrealesOTU1939,Ascomycota,Sordariomycetes,Sordariomycetes, Sordariales, ChaetomiaceaeOTU1941,Ascomycota,Sordariomycetes,Sordariomycetes, Xylariales, XylariaceaeOTU198,Ascomycota,Sordariomycetes,Sordariomycetes, Diaporthales, DiaporthaceaeOTU2104,Ascomycota,Sordariomycetes,Sordariomycetes, Glomerellales, GlomerellaceaeOTU2216,Ascomycota,Sordariomycetes,Sordariomycetes, Microascales, MicroascaceaeOTU2224,Ascomycota,Sordariomycetes,Sordariomycetes, Microascales, HalosphaeriaceaeOTU2250,Ascomycota,Sordariomycetes,Sordariomycetes, Xylariales, AmphisphaeriaceaeOTU228,Ascomycota,Sordariomycetes,Sordariomycetes, Hypocreales, NectriaceaeOTU23,Ascomycota,Sordariomycetes,Sordariomycetes, Hypocreales, Hypocreales incertae sedisOTU2420,Ascomycota,Sordariomycetes,Sordariomycetes, Hypocreales, ClavicipitaceaeOTU2427,Ascomycota,Sordariomycetes,Sordariomycetes, Hypocreales, CordycipitaceaeOTU243,Ascomycota,Sordariomycetes,Sordariomycetes, Hypocreales, mitosporic HypocrealesOTU2517,Ascomycota,Sordariomycetes,Sordariomycetes, Xylariales, XylariaceaeOTU2522,Ascomycota,Sordariomycetes,Sordariomycetes, Hypocreales, mitosporic HypocrealesOTU2540,Ascomycota,Sordariomycetes,Sordariomycetes, Coniochaetales, ConiochaetaceaeOTU2578,Ascomycota,Sordariomycetes,Sordariomycetes, Xylariales, XylariaceaeOTU2595,Ascomycota,Sordariomycetes,Sordariomycetes, Xylariales, XylariaceaeOTU262,Ascomycota,Sordariomycetes,Sordariomycetes, Hypocreales, NectriaceaeOTU2634,Ascomycota,Sordariomycetes,Sordariomycetes, Hypocreales, NectriaceaeOTU2656,Ascomycota,Sordariomycetes,Sordariomycetes, Sordariomycetes sp. 11262,OTU2658,Ascomycota,Sordariomycetes,Sordariomycetes, Diaporthales, DiaporthaceaeOTU2748,Ascomycota,Sordariomycetes,Sordariomycetes, Xylariales, AmphisphaeriaceaeOTU2806,Ascomycota,Sordariomycetes,Sordariomycetes, Diaporthales, DiaporthaceaeOTU2831,Ascomycota,Sordariomycetes,Sordariomycetes, Xylariales, XylariaceaeOTU2959,Ascomycota,Sordariomycetes,Sordariomycetes, Sordariales, unclassified SordarialesOTU2987,Ascomycota,Sordariomycetes,Sordariomycetes, Diaporthales, ValsaceaeOTU2994,Ascomycota,Sordariomycetes,Sordariomycetes, Xylariales, XylariaceaeOTU3031,Ascomycota,Sordariomycetes,Sordariomycetes, Hypocreales, mitosporic HypocrealesOTU3050,Ascomycota,Sordariomycetes,Sordariomycetes, Sordariales, LasiosphaeriaceaeOTU3074,Ascomycota,Sordariomycetes,Sordariomycetes, Xylariales, AmphisphaeriaceaeOTU3082,Ascomycota,Sordariomycetes,Sordariomycetes, Xylariales, HyponectriaceaeOTU309,Ascomycota,Sordariomycetes,Sordariomycetes, Xylariales, ClypeosphaeriaceaeOTU3098,Ascomycota,Sordariomycetes,Sordariomycetes, Sordariomycetes sp. 11262,OTU31,Ascomycota,Sordariomycetes,Sordariomycetes, Hypocreales, NectriaceaeOTU3101,Ascomycota,Sordariomycetes,Sordariomycetes, Trichosphaeriales, TrichosphaeriaceaeOTU3167,Ascomycota,Sordariomycetes,Sordariomycetes, Hypocreales, NectriaceaeOTU3185,Ascomycota,Sordariomycetes,Sordariomycetes, Hypocreales, NectriaceaeOTU3232,Ascomycota,Sordariomycetes,Sordariomycetes,,OTU3243,Ascomycota,Sordariomycetes,Sordariomycetes, Diaporthales, GnomoniaceaeOTU3276,Ascomycota,Sordariomycetes,Sordariomycetes, Sordariomycetes sp. genotype 506,OTU3278,Ascomycota,Sordariomycetes,Sordariomycetes, Diaporthales, GnomoniaceaeOTU33,Ascomycota,Sordariomycetes,Sordariomycetes, Xylariales,OTU34,Ascomycota,Sordariomycetes,Sordariomycetes, Microascales, GraphiaceaeOTU3540,Ascomycota,Sordariomycetes,Sordariomycetes, Hypocreales, NectriaceaeOTU356,Ascomycota,Sordariomycetes,Sordariomycetes, Diaporthales, DiaporthaceaeOTU3570,Ascomycota,Sordariomycetes,Sordariomycetes, Xylariales, AmphisphaeriaceaeOTU36,Ascomycota,Sordariomycetes,Sordariomycetes, Xylariales, XylariaceaeOTU3625,Ascomycota,Sordariomycetes,Sordariomycetes, Xylariales, XylariaceaeOTU3644,Ascomycota,Sordariomycetes,Sordariomycetes,,OTU379,Ascomycota,Sordariomycetes,Sordariomycetes, Hypocreales, NectriaceaeOTU3841,Ascomycota,Sordariomycetes,Sordariomycetes, Phlogicylindrium, Phlogicylindrium eucalyptorumOTU3850,Ascomycota,Sordariomycetes,Sordariomycetes, Diaporthales, HarknessiaceaeOTU3854,Ascomycota,Sordariomycetes,Sordariomycetes, Diaporthales, GnomoniaceaeOTU394,Ascomycota,Sordariomycetes,Sordariomycetes, Sordariomycetes sp. genotype 491,OTU4066,Ascomycota,Sordariomycetes,Sordariomycetes, Xylariales, XylariaceaeOTU4386,Ascomycota,Sordariomycetes,Sordariomycetes, Hypocreales, CordycipitaceaeOTU444,Ascomycota,Sordariomycetes,Sordariomycetes, Hypocreales, NectriaceaeOTU4531,Ascomycota,Sordariomycetes,Sordariomycetes, Sordariales, LasiosphaeriaceaeOTU4572,Ascomycota,Sordariomycetes,Sordariomycetes, Hypocreales, mitosporic HypocrealesOTU4605,Ascomycota,Sordariomycetes,Sordariomycetes, Asteroma, Asteroma alneumOTU464,Ascomycota,Sordariomycetes,Sordariomycetes, Microascales, HalosphaeriaceaeOTU4649,Ascomycota,Sordariomycetes,Sordariomycetes, Hypocreales, BionectriaceaeOTU470,Ascomycota,Sordariomycetes,Sordariomycetes, Xylariales, AmphisphaeriaceaeOTU480,Ascomycota,Sordariomycetes,Sordariomycetes, Hypocreales, OphiocordycipitaceaeOTU485,Ascomycota,Sordariomycetes,Sordariomycetes,,OTU490,Ascomycota,Sordariomycetes,Sordariomycetes, Xylariales, XylariaceaeOTU506,Ascomycota,Sordariomycetes,Sordariomycetes, Diaporthales, DiaporthaceaeOTU507,Ascomycota,Sordariomycetes,Sordariomycetes, Microascales, HalosphaeriaceaeOTU510,Ascomycota,Sordariomycetes,Sordariomycetes, Xylariales, AmphisphaeriaceaeOTU543,Ascomycota,Sordariomycetes,Sordariomycetes, Microascales, HalosphaeriaceaeOTU544,Ascomycota,Sordariomycetes,Sordariomycetes, Hypocreales, NectriaceaeOTU549,Ascomycota,Sordariomycetes,Sordariomycetes,,OTU558,Ascomycota,Sordariomycetes,Sordariomycetes, Hypocreales, mitosporic HypocrealesOTU573,Ascomycota,Sordariomycetes,Sordariomycetes, Hypocreales, mitosporic HypocrealesOTU576,Ascomycota,Sordariomycetes,Sordariomycetes, Diaporthales, DiaporthaceaeOTU630,Ascomycota,Sordariomycetes,Sordariomycetes, Diaporthales, GnomoniaceaeOTU631,Ascomycota,Sordariomycetes,Sordariomycetes, Hypocreales, BionectriaceaeOTU634,Ascomycota,Sordariomycetes,Sordariomycetes, Hypocreales, mitosporic HypocrealesOTU639,Ascomycota,Sordariomycetes,Sordariomycetes, Diaporthales, DiaporthaceaeOTU672,Ascomycota,Sordariomycetes,Sordariomycetes, Diaporthales, DiaporthaceaeOTU676,Ascomycota,Sordariomycetes,Sordariomycetes,,OTU682,Ascomycota,Sordariomycetes,Sordariomycetes, Hypocreales, NectriaceaeOTU700,Ascomycota,Sordariomycetes,Sordariomycetes, Diaporthales, GnomoniaceaeOTU739,Ascomycota,Sordariomycetes,Sordariomycetes, Glomerellales, GlomerellaceaeOTU767,Ascomycota,Sordariomycetes,Sordariomycetes, Hypocreales, NectriaceaeOTU778,Ascomycota,Sordariomycetes,Sordariomycetes, Hypocreales, HypocreaceaeOTU780,Ascomycota,Sordariomycetes,Sordariomycetes, Microascales, MicroascaceaeOTU816,Ascomycota,Sordariomycetes,Sordariomycetes, Glomerellales, GlomerellaceaeOTU823,Ascomycota,Sordariomycetes,Sordariomycetes, Hypocreomycetidae incertae sedis, DendroclathraOTU89,Ascomycota,Sordariomycetes,Sordariomycetes, Diaporthales, DiaporthaceaeOTU893,Ascomycota,Sordariomycetes,Sordariomycetes, Microascales, HalosphaeriaceaeOTU919,Ascomycota,Sordariomycetes,Sordariomycetes, Xylariales, XylariaceaeOTU988,Ascomycota,Sordariomycetes,Sordariomycetes, Hypocreales, NectriaceaeOTU1145,Ascomycota,Taphrinomycetes,Taphrinomycetes, Taphrinaceae, TaphrinaOTU1415,Ascomycota,Taphrinomycetes,Taphrinomycetes, Taphrinaceae, TaphrinaOTU1783,Ascomycota,Taphrinomycetes,Taphrinomycetes, Protomycetaceae, ProtomycesOTU257,Ascomycota,Taphrinomycetes,Taphrinomycetes, Taphrinaceae, TaphrinaOTU2815,Ascomycota,Taphrinomycetes,Taphrinomycetes, Taphrinaceae, TaphrinaOTU2956,Ascomycota,Taphrinomycetes,Taphrinomycetes, Taphrinaceae, TaphrinaOTU4539,Ascomycota,Taphrinomycetes,Taphrinomycetes, Taphrinaceae, TaphrinaOTU777,Ascomycota,Taphrinomycetes,Taphrinomycetes, Taphrinaceae, TaphrinaOTU950,Ascomycota,Taphrinomycetes,Taphrinomycetes, Protomycetaceae, ProtomycesOTU1041,unclassifiedFungi,unclassifiedFungi,unclassifiedFungi,,OTU1164,unclassifiedFungi,unclassifiedFungi,unknownAscomycota,,OTU1248,unclassifiedFungi,unclassifiedFungi,unknownAscomycota,,OTU1437,unclassifiedFungi,unclassifiedFungi,unknownPezizomycotina, Dwayaangam colodena,OTU1568,unclassifiedFungi,unclassifiedFungi,unknownAscomycota,,OTU1743,unclassifiedFungi,unclassifiedFungi,unknownAscomycota,,OTU1779,unclassifiedFungi,unclassifiedFungi,unknownAscomycota,,OTU2011,unclassifiedFungi,unclassifiedFungi,unknownAscomycota,,OTU221,unclassifiedFungi,unclassifiedFungi,unknownAscomycota,,OTU343,unclassifiedFungi,unclassifiedFungi,unknownAscomycota,,OTU758,unclassifiedFungi,unclassifiedFungi,unknownAscomycota,,OTU960,unclassifiedFungi,unclassifiedFungi,unclassifiedFungi,,OTU1068,Basidiomycota,Agaricomycetes,Agaricomycetes, Polyporales, PolyporaceaeOTU1161,Basidiomycota,Agaricomycetes,Agaricomycetes, Atheliales, AtheliaceaeOTU1162,Basidiomycota,Agaricomycetes,Agaricomycetes, Agaricales, CortinariaceaeOTU1193,Basidiomycota,Agaricomycetes,Agaricomycetes, Hymenochaetales, HymenochaetaceaeOTU1263,Basidiomycota,Agaricomycetes,Agaricomycetes, Cantharellales, ClavulinaceaeOTU1285,Basidiomycota,Agaricomycetes,Agaricomycetes, Russulales, PeniophoraceaeOTU1367,Basidiomycota,Agaricomycetes,Agaricomycetes, Sebacinales, SebacinaceaeOTU1534,Basidiomycota,Agaricomycetes,Agaricomycetes, Thelephorales, ThelephoraceaeOTU1557,Basidiomycota,Agaricomycetes,Agaricomycetes, Thelephorales, ThelephoraceaeOTU1646,Basidiomycota,Agaricomycetes,Agaricomycetes, Russulales, StereaceaeOTU165,Basidiomycota,Agaricomycetes,Agaricomycetes, Cantharellales, CeratobasidiaceaeOTU1658,Basidiomycota,Agaricomycetes,Agaricomycetes, Boletales, SuillineaeOTU1729,Basidiomycota,Agaricomycetes,Agaricomycetes, Agaricales, MarasmiaceaeOTU1740,Basidiomycota,Agaricomycetes,Agaricomycetes, Russulales, StereaceaeOTU1829,Basidiomycota,Agaricomycetes,Agaricomycetes, Polyporales, CoriolaceaeOTU1855,Basidiomycota,Agaricomycetes,Agaricomycetes, Agaricales, PsathyrellaceaeOTU1927,Basidiomycota,Agaricomycetes,Agaricomycetes, Polyporales, PolyporaceaeOTU2067,Basidiomycota,Agaricomycetes,Agaricomycetes,,OTU2235,Basidiomycota,Agaricomycetes,Agaricomycetes, Russulales, BondarzewiaceaeOTU2310,Basidiomycota,Agaricomycetes,Agaricomycetes, Russulales, PeniophoraceaeOTU2362,Basidiomycota,Agaricomycetes,Agaricomycetes,,OTU2960,Basidiomycota,Agaricomycetes,Agaricomycetes, Geastrales, GeastraceaeOTU3171,Basidiomycota,Agaricomycetes,Agaricomycetes, Corticiales, CorticiaceaeOTU338,Basidiomycota,Agaricomycetes,Agaricomycetes, Polyporales, GanodermataceaeOTU3558,Basidiomycota,Agaricomycetes,Agaricomycetes, Boletales, SuillineaeOTU3628,Basidiomycota,Agaricomycetes,Agaricomycetes, Polyporales, CoriolaceaeOTU366,Basidiomycota,Agaricomycetes,Agaricomycetes, Atheliales, AtheliaceaeOTU3672,Basidiomycota,Agaricomycetes,Agaricomycetes, Polyporales, CoriolaceaeOTU369,Basidiomycota,Agaricomycetes,Agaricomycetes, Agaricales, PsathyrellaceaeOTU4338,Basidiomycota,Agaricomycetes,Agaricomycetes, Agaricales, EntolomataceaeOTU4454,Basidiomycota,Agaricomycetes,Agaricomycetes, Boletales, BoletineaeOTU619,Basidiomycota,Agaricomycetes,Agaricomycetes,,OTU629,Basidiomycota,Agaricomycetes,Agaricomycetes, Polyporales, Polyporales incertae sedisOTU747,Basidiomycota,Agaricomycetes,Agaricomycetes, Agaricales, TricholomataceaeOTU770,Basidiomycota,Agaricomycetes,Agaricomycetes, Agaricales, MarasmiaceaeOTU807,Basidiomycota,Agaricomycetes,Agaricomycetes, Cantharellales, CeratobasidiaceaeOTU1989,Basidiomycota,Agaricostilbomycetes,Agaricostilbomycetes, Kondoa, Kondoa aeriaOTU2649,Basidiomycota,Agaricostilbomycetes,Agaricostilbomycetes, mitosporic Agaricostilbomycetidae, Sporobolomyces <Agaricostilbomycetidae>OTU2966,Basidiomycota,Agaricostilbomycetes,Agaricostilbomycetes, mitosporic Agaricostilbomycetidae, KurtzmanomycesOTU3674,Basidiomycota,Agaricostilbomycetes,Agaricostilbomycetes, mitosporic Agaricostilbomycetidae, BensingtoniaOTU766,Basidiomycota,Agaricostilbomycetes,Agaricostilbomycetes, mitosporic Agaricostilbomycetidae, BensingtoniaOTU80,Basidiomycota,Agaricostilbomycetes,Agaricostilbomycetes, mitosporic Agaricostilbomycetidae, Sporobolomyces <Agaricostilbomycetidae>OTU215,Basidiomycota,Atractiellomycetes,Atractiellomycetes,,OTU3306,Basidiomycota,Atractiellomycetes,Atractiellomycetes,,OTU3665,Basidiomycota,Atractiellomycetes,Atractiellomycetes,,OTU4,Basidiomycota,Atractiellomycetes,Atractiellomycetes,,OTU4181,Basidiomycota,Atractiellomycetes,Atractiellomycetes,,OTU126,Basidiomycota,Cystobasidiomycetes,Cystobasidiomycetes, Erythrobasidiaceae, unclassified Erythrobasidium cladeOTU2163,Basidiomycota,Cystobasidiomycetes,Cystobasidiomycetes, Erythrobasidiaceae, Rhodotorula <Erythrobasidium clade>OTU2729,Basidiomycota,Cystobasidiomycetes,Cystobasidiomycetes, Erythrobasidiaceae, Rhodotorula <Erythrobasidium clade>OTU3062,Basidiomycota,Cystobasidiomycetes,Cystobasidiomycetes, Erythrobasidiaceae, Sporobolomyces <Erythrobasidium clade>OTU3206,Basidiomycota,Cystobasidiomycetes,Cystobasidiomycetes, Erythrobasidiaceae, Rhodotorula <Erythrobasidium clade>OTU3793,Basidiomycota,Cystobasidiomycetes,Cystobasidiomycetes, Cystobasidiales incertae sedis, OccultifurOTU3818,Basidiomycota,Cystobasidiomycetes,Cystobasidiomycetes, Erythrobasidiaceae, Rhodotorula <Erythrobasidium clade>OTU3827,Basidiomycota,Cystobasidiomycetes,Cystobasidiomycetes, Naohideaceae, NaohideaOTU3853,Basidiomycota,Cystobasidiomycetes,Cystobasidiomycetes, Erythrobasidiaceae, unclassified Erythrobasidium cladeOTU418,Basidiomycota,Cystobasidiomycetes,Cystobasidiomycetes, Erythrobasidiaceae, Rhodotorula <Erythrobasidium clade>OTU608,Basidiomycota,Cystobasidiomycetes,Cystobasidiomycetes, Erythrobasidiaceae, unclassified Erythrobasidium cladeOTU848,Basidiomycota,Cystobasidiomycetes,Cystobasidiomycetes, Erythrobasidiaceae, unclassified Erythrobasidium cladeOTU859,Basidiomycota,Cystobasidiomycetes,Cystobasidiomycetes, Erythrobasidiaceae, Sporobolomyces <Erythrobasidium clade>OTU1003,Basidiomycota,Exobasidiomycetes,Exobasidiomycetes, Exobasidiaceae, ExobasidiumOTU105,Basidiomycota,Exobasidiomycetes,Exobasidiomycetes, Exobasidiaceae, ExobasidiumOTU1249,Basidiomycota,Exobasidiomycetes,Exobasidiomycetes, Entylomataceae, EntylomaOTU1279,Basidiomycota,Exobasidiomycetes,Exobasidiomycetes, Exobasidiaceae, ExobasidiumOTU1388,Basidiomycota,Exobasidiomycetes,Exobasidiomycetes, Exobasidiaceae, ExobasidiumOTU1831,Basidiomycota,Exobasidiomycetes,Exobasidiomycetes, Exobasidiaceae, ExobasidiumOTU2461,Basidiomycota,Exobasidiomycetes,Exobasidiomycetes, Exobasidiaceae, ExobasidiumOTU25,Basidiomycota,Exobasidiomycetes,Exobasidiomycetes, Exobasidiaceae, ExobasidiumOTU2709,Basidiomycota,Exobasidiomycetes,Exobasidiomycetes, Exobasidiaceae, ExobasidiumOTU2986,Basidiomycota,Exobasidiomycetes,Exobasidiomycetes, Exobasidiaceae, ExobasidiumOTU3563,Basidiomycota,Exobasidiomycetes,Exobasidiomycetes, Exobasidiaceae, ExobasidiumOTU381,Basidiomycota,Exobasidiomycetes,Exobasidiomycetes, Entylomataceae, mitosporic EntylomataceaeOTU42,Basidiomycota,Exobasidiomycetes,Exobasidiomycetes, Exobasidiaceae, ExobasidiumOTU4429,Basidiomycota,Exobasidiomycetes,Exobasidiomycetes, Exobasidiaceae, ExobasidiumOTU4518,Basidiomycota,Exobasidiomycetes,Exobasidiomycetes, Exobasidiaceae, ExobasidiumOTU4527,Basidiomycota,Exobasidiomycetes,Exobasidiomycetes, Exobasidiaceae, ExobasidiumOTU465,Basidiomycota,Exobasidiomycetes,Exobasidiomycetes, Entylomataceae, mitosporic EntylomataceaeOTU542,Basidiomycota,Exobasidiomycetes,Exobasidiomycetes, Exobasidiaceae, ExobasidiumOTU609,Basidiomycota,Exobasidiomycetes,Exobasidiomycetes, Exobasidiaceae, ExobasidiumOTU809,Basidiomycota,Exobasidiomycetes,Exobasidiomycetes, Exobasidiaceae, ExobasidiumOTU962,Basidiomycota,Exobasidiomycetes,Exobasidiomycetes, Exobasidiaceae, ExobasidiumOTU1157,Ascomycota,Leotiomycetes,Leotiomycetes,,OTU1336,Basidiomycota,Malasseziomycetes,Malasseziomycetes, Malasseziaceae, MalasseziaOTU19,Basidiomycota,Malasseziomycetes,Malasseziomycetes, Malasseziaceae, MalasseziaOTU20,Basidiomycota,Malasseziomycetes,Malasseziomycetes, Malasseziaceae, MalasseziaOTU205,Basidiomycota,Malasseziomycetes,Malasseziomycetes, Malasseziaceae, MalasseziaOTU2471,Basidiomycota,Malasseziomycetes,Malasseziomycetes, Malasseziaceae, MalasseziaOTU249,Basidiomycota,Malasseziomycetes,Malasseziomycetes, Malasseziaceae, MalasseziaOTU259,Basidiomycota,Malasseziomycetes,Malasseziomycetes, Malasseziaceae, MalasseziaOTU261,Basidiomycota,Malasseziomycetes,Malasseziomycetes, Malasseziaceae, MalasseziaOTU283,Basidiomycota,Malasseziomycetes,Malasseziomycetes, Malasseziaceae, MalasseziaOTU3550,Basidiomycota,Malasseziomycetes,Malasseziomycetes, Malasseziaceae, MalasseziaOTU358,Basidiomycota,Malasseziomycetes,Malasseziomycetes, Malasseziaceae, MalasseziaOTU4023,Basidiomycota,Malasseziomycetes,Malasseziomycetes, Malasseziaceae, MalasseziaOTU4154,Basidiomycota,Malasseziomycetes,Malasseziomycetes, Malasseziaceae, MalasseziaOTU5,Basidiomycota,Malasseziomycetes,Malasseziomycetes, Malasseziaceae, MalasseziaOTU605,Basidiomycota,Malasseziomycetes,Malasseziomycetes, Malasseziaceae, MalasseziaOTU84,Basidiomycota,Malasseziomycetes,Malasseziomycetes, Malasseziaceae, MalasseziaOTU926,Basidiomycota,Malasseziomycetes,Malasseziomycetes, Malasseziaceae, MalasseziaOTU1053,Basidiomycota,Microbotryomycetes,Microbotryomycetes, mitosporic Sporidiobolales, SporobolomycesOTU1135,Basidiomycota,Microbotryomycetes,Microbotryomycetes, mitosporic Microbotryomycetidae incertae sedis, Sporobolomyces <Microbotryomycetidae>OTU1136,Basidiomycota,Microbotryomycetes,Microbotryomycetes, unclassified Sporidiobolales, Sporidiobolales sp. LM535OTU1198,Basidiomycota,Microbotryomycetes,Microbotryomycetes, Leucosporidiaceae, LeucosporidiumOTU130,Basidiomycota,Microbotryomycetes,Microbotryomycetes, unclassified Sporidiobolales, Sporidiobolales sp. LM535OTU1446,Basidiomycota,Microbotryomycetes,Microbotryomycetes, Kriegeriaceae, Rhodotorula <Kriegeriales>OTU1802,Basidiomycota,Microbotryomycetes,Microbotryomycetes, unclassified Sporidiobolales, Sporidiobolales sp. LM535OTU1926,Basidiomycota,Microbotryomycetes,Microbotryomycetes, unclassified Sporidiobolales, Sporidiobolales sp. LM535OTU2156,Basidiomycota,Microbotryomycetes,Microbotryomycetes, mitosporic Microbotryomycetidae incertae sedis, Rhodotorula <Microbotryomycetidae>OTU218,Basidiomycota,Microbotryomycetes,Microbotryomycetes, mitosporic Sporidiobolales, SporobolomycesOTU2234,Basidiomycota,Microbotryomycetes,Microbotryomycetes, unclassified Sporidiobolales, Sporidiobolales sp. LM391OTU2419,Basidiomycota,Microbotryomycetes,Microbotryomycetes, Kriegeriaceae, Rhodotorula <Kriegeriales>OTU3656,Basidiomycota,Microbotryomycetes,Microbotryomycetes, mitosporic Sporidiobolales, RhodotorulaOTU3785,Basidiomycota,Microbotryomycetes,Microbotryomycetes, unclassified Sporidiobolales, Sporidiobolales sp. LM535OTU3873,Basidiomycota,Microbotryomycetes,Microbotryomycetes, unclassified Sporidiobolales, Sporidiobolales sp. LM279OTU4039,Basidiomycota,Microbotryomycetes,Microbotryomycetes, mitosporic Sporidiobolales, RhodotorulaOTU4045,Basidiomycota,Microbotryomycetes,Microbotryomycetes, unclassified Sporidiobolales, Sporidiobolales sp. LM535OTU4188,Basidiomycota,Microbotryomycetes,Microbotryomycetes, unclassified Sporidiobolales, Sporidiobolales sp. LM535OTU4592,Basidiomycota,Microbotryomycetes,Microbotryomycetes, unclassified Sporidiobolales, Sporidiobolales sp. LM535OTU745,Basidiomycota,Microbotryomycetes,Microbotryomycetes, mitosporic Microbotryomycetidae incertae sedis, Rhodotorula <Microbotryomycetidae>OTU912,Basidiomycota,Microbotryomycetes,Microbotryomycetes, unclassified Sporidiobolales, Sporidiobolales sp. G5OTU920,Basidiomycota,Microbotryomycetes,Microbotryomycetes, mitosporic Microbotryomycetidae incertae sedis, Sporobolomyces <Microbotryomycetidae>OTU2998,Basidiomycota,Pucciniomycetes,Pucciniomycetes, Pucciniastraceae, MelampsoridiumOTU937,Basidiomycota,Pucciniomycetes,Pucciniomycetes, Pucciniastraceae, MelampsoridiumOTU1095,Basidiomycota,Tremellomycetes,Tremellomycetes, mitosporic Tremellales, FellomycesOTU11,Basidiomycota,Tremellomycetes,Tremellomycetes, mitosporic Filobasidiales, Cryptococcus <Filobasidiales>OTU1128,Basidiomycota,Tremellomycetes,Tremellomycetes, mitosporic Tremellales, BulleraOTU1159,Basidiomycota,Tremellomycetes,Tremellomycetes, mitosporic Tremellales, Cryptococcus <Tremellales>OTU116,Basidiomycota,Tremellomycetes,Tremellomycetes, mitosporic Tremellales, Cryptococcus <Tremellales>OTU1239,Basidiomycota,Tremellomycetes,Tremellomycetes, Tremellaceae, TremellaOTU1276,Basidiomycota,Tremellomycetes,Tremellomycetes, Sirobasidiaceae, FibulobasidiumOTU1311,Basidiomycota,Tremellomycetes,Tremellomycetes, mitosporic Tremellales, Cryptococcus <Tremellales>OTU132,Basidiomycota,Tremellomycetes,Tremellomycetes, Filobasidiaceae, FilobasidiumOTU1330,Basidiomycota,Tremellomycetes,Tremellomycetes, Tremellaceae, TremellaOTU1483,Basidiomycota,Tremellomycetes,Tremellomycetes, Sirobasidiaceae, FibulobasidiumOTU1503,Basidiomycota,Tremellomycetes,Tremellomycetes, Tremellaceae, TremellaOTU1537,Basidiomycota,Tremellomycetes,Tremellomycetes, mitosporic Filobasidiales, Cryptococcus <Filobasidiales>OTU1542,Basidiomycota,Tremellomycetes,Tremellomycetes, unclassified Tremellales, Tremellales sp. LM333OTU1559,Basidiomycota,Tremellomycetes,Tremellomycetes, mitosporic Tremellales, KockovaellaOTU1605,Basidiomycota,Tremellomycetes,Tremellomycetes, unclassified Tremellales, Tremellales sp. LM495OTU1645,Basidiomycota,Tremellomycetes,Tremellomycetes, unclassified Tremellales, Tremellales sp. LM340OTU1728,Basidiomycota,Tremellomycetes,Tremellomycetes, mitosporic Filobasidiales, Cryptococcus <Filobasidiales>OTU1810,Basidiomycota,Tremellomycetes,Tremellomycetes, Cystofilobasidiaceae, UdeniomycesOTU1907,Basidiomycota,Tremellomycetes,Tremellomycetes, mitosporic Filobasidiales, Cryptococcus <Filobasidiales>OTU1913,Basidiomycota,Tremellomycetes,Tremellomycetes, mitosporic Filobasidiales, Cryptococcus <Filobasidiales>OTU1915,Basidiomycota,Tremellomycetes,Tremellomycetes, mitosporic Tremellales, FellomycesOTU1986,Basidiomycota,Tremellomycetes,Tremellomycetes, Tremellaceae, TremellaOTU2089,Basidiomycota,Tremellomycetes,Tremellomycetes, mitosporic Filobasidiales, Cryptococcus <Filobasidiales>OTU2166,Basidiomycota,Tremellomycetes,Tremellomycetes, unclassified Tremellales, Tremellales sp. LM495OTU22,Basidiomycota,Tremellomycetes,Tremellomycetes,,OTU2317,Basidiomycota,Tremellomycetes,Tremellomycetes, Tremellaceae, TremellaOTU2482,Basidiomycota,Tremellomycetes,Tremellomycetes, Cystofilobasidiaceae, GuehomycesOTU2492,Basidiomycota,Tremellomycetes,Tremellomycetes, mitosporic Tremellales, Cryptococcus <Tremellales>OTU2494,Basidiomycota,Tremellomycetes,Tremellomycetes, mitosporic Tremellales, Cryptococcus <Tremellales>OTU2554,Basidiomycota,Tremellomycetes,Tremellomycetes, Tremellaceae, TremellaOTU2592,Basidiomycota,Tremellomycetes,Tremellomycetes, Sirobasidiaceae, FibulobasidiumOTU2599,Basidiomycota,Tremellomycetes,Tremellomycetes, mitosporic Tremellales, Cryptococcus <Tremellales>OTU26,Basidiomycota,Tremellomycetes,Tremellomycetes, mitosporic Tremellales, Cryptococcus <Tremellales>OTU2655,Basidiomycota,Tremellomycetes,Tremellomycetes, Tremellaceae, TremellaOTU2673,Basidiomycota,Tremellomycetes,Tremellomycetes, mitosporic Tremellales, BulleraOTU271,Basidiomycota,Tremellomycetes,Tremellomycetes, unclassified Tremellales, Tremellales sp. LM567OTU2728,Basidiomycota,Tremellomycetes,Tremellomycetes, mitosporic Tremellales, KockovaellaOTU2954,Basidiomycota,Tremellomycetes,Tremellomycetes, mitosporic Tremellales, DioszegiaOTU2975,Basidiomycota,Tremellomycetes,Tremellomycetes,,OTU2993,Basidiomycota,Tremellomycetes,Tremellomycetes, mitosporic Tremellales, DioszegiaOTU30,Basidiomycota,Tremellomycetes,Tremellomycetes, Cystofilobasidiaceae, CystofilobasidiumOTU3114,Basidiomycota,Tremellomycetes,Tremellomycetes, mitosporic Tremellales, Cryptococcus <Tremellales>OTU3225,Basidiomycota,Tremellomycetes,Tremellomycetes,,OTU3268,Basidiomycota,Tremellomycetes,Tremellomycetes, Filobasidiaceae, FilobasidiumOTU3302,Basidiomycota,Tremellomycetes,Tremellomycetes, Cystofilobasidiaceae, CystofilobasidiumOTU334,Basidiomycota,Tremellomycetes,Tremellomycetes, mitosporic Filobasidiales, Cryptococcus <Filobasidiales>OTU3735,Basidiomycota,Tremellomycetes,Tremellomycetes, mitosporic Filobasidiales, Cryptococcus <Filobasidiales>OTU3780,Basidiomycota,Tremellomycetes,Tremellomycetes, mitosporic Filobasidiales, Cryptococcus <Filobasidiales>OTU3824,Basidiomycota,Tremellomycetes,Tremellomycetes, mitosporic Filobasidiales, Cryptococcus <Filobasidiales>OTU3832,Basidiomycota,Tremellomycetes,Tremellomycetes, mitosporic Filobasidiales, Cryptococcus <Filobasidiales>OTU399,Basidiomycota,Tremellomycetes,Tremellomycetes, unclassified Filobasidiales, Filobasidiales sp. LM20OTU4026,Basidiomycota,Tremellomycetes,Tremellomycetes, mitosporic Filobasidiales, Cryptococcus <Filobasidiales>OTU4032,Basidiomycota,Tremellomycetes,Tremellomycetes, mitosporic Filobasidiales, Cryptococcus <Filobasidiales>OTU4056,Basidiomycota,Tremellomycetes,Tremellomycetes,,OTU411,Basidiomycota,Tremellomycetes,Tremellomycetes, mitosporic Tremellales, Cryptococcus <Tremellales>OTU4187,Basidiomycota,Tremellomycetes,Tremellomycetes,,OTU422,Basidiomycota,Tremellomycetes,Tremellomycetes, mitosporic Tremellales, Cryptococcus <Tremellales>OTU432,Basidiomycota,Tremellomycetes,Tremellomycetes, Cystofilobasidiaceae, MrakiaOTU4330,Basidiomycota,Tremellomycetes,Tremellomycetes, mitosporic Filobasidiales, Cryptococcus <Filobasidiales>OTU4341,Basidiomycota,Tremellomycetes,Tremellomycetes, mitosporic Tremellales, FellomycesOTU4370,Basidiomycota,Tremellomycetes,Tremellomycetes, mitosporic Filobasidiales, Cryptococcus <Filobasidiales>OTU4525,Basidiomycota,Tremellomycetes,Tremellomycetes, mitosporic Tremellales, Cryptococcus <Tremellales>OTU4547,Basidiomycota,Tremellomycetes,Tremellomycetes, Cystofilobasidiaceae, CystofilobasidiumOTU4549,Basidiomycota,Tremellomycetes,Tremellomycetes, mitosporic Tremellales, BulleraOTU4591,Basidiomycota,Tremellomycetes,Tremellomycetes, mitosporic Tremellales, BulleraOTU4749,Basidiomycota,Tremellomycetes,Tremellomycetes, mitosporic Filobasidiales, Cryptococcus <Filobasidiales>OTU4781,Basidiomycota,Tremellomycetes,Tremellomycetes, unclassified Tremellales, Tremellales sp. LM567OTU530,Basidiomycota,Tremellomycetes,Tremellomycetes, mitosporic Tremellales, Cryptococcus <Tremellales>OTU577,Basidiomycota,Tremellomycetes,Tremellomycetes, mitosporic Tremellales, Cryptococcus <Tremellales>OTU6,Basidiomycota,Tremellomycetes,Tremellomycetes, mitosporic Tremellales, Cryptococcus <Tremellales>OTU61,Basidiomycota,Tremellomycetes,Tremellomycetes, mitosporic Filobasidiales, Cryptococcus <Filobasidiales>OTU635,Basidiomycota,Tremellomycetes,Tremellomycetes, mitosporic Tremellales, KockovaellaOTU671,Basidiomycota,Tremellomycetes,Tremellomycetes, Tremellaceae, TremellaOTU751,Basidiomycota,Tremellomycetes,Tremellomycetes, mitosporic Tremellales, Cryptococcus <Tremellales>OTU802,Basidiomycota,Tremellomycetes,Tremellomycetes, Cystofilobasidiaceae, Cryptococcus <Cystofilobasidiales>OTU821,Basidiomycota,Tremellomycetes,Tremellomycetes, Tremellaceae, TremellaOTU851,Basidiomycota,Tremellomycetes,Tremellomycetes, Tremellales incertae sedis, KwoniellaOTU854,Basidiomycota,Tremellomycetes,Tremellomycetes, mitosporic Tremellales, Cryptococcus <Tremellales>OTU856,Basidiomycota,Tremellomycetes,Tremellomycetes, mitosporic Filobasidiales, Cryptococcus <Filobasidiales>OTU885,Basidiomycota,Tremellomycetes,Tremellomycetes, mitosporic Tremellales, Cryptococcus <Tremellales>OTU910,Basidiomycota,Tremellomycetes,Tremellomycetes, Tremellaceae, TremellaOTU952,Basidiomycota,Tremellomycetes,Tremellomycetes, mitosporic Tremellales, Cryptococcus <Tremellales>OTU1090,unclassifiedFungi,unclassifiedFungi,unclassifiedFungi,,OTU1883,Basidiomycota,Ustilaginomycetes,Ustilaginomycetes, Urocystidaceae, MundkurellaOTU4412,Basidiomycota,Ustilaginomycetes,Ustilaginomycetes, Ustilaginaceae, mitosporic UstilaginaceaeOTU593,Basidiomycota,Ustilaginomycetes,Ustilaginomycetes, Ustilaginaceae, mitosporic UstilaginaceaeOTU1022,Basidiomycota,Wallemiomycetes,Wallemiomycetes, Wallemiales incertae sedis, WallemiaOTU1081,Basidiomycota,Wallemiomycetes,Wallemiomycetes, Wallemiales incertae sedis, WallemiaOTU1900,Basidiomycota,Wallemiomycetes,Wallemiomycetes, Wallemiales incertae sedis, WallemiaOTU2512,Basidiomycota,Wallemiomycetes,Wallemiomycetes, Wallemiales incertae sedis, WallemiaOTU3559,Basidiomycota,Wallemiomycetes,Wallemiomycetes, Wallemiales incertae sedis, WallemiaOTU3800,Basidiomycota,Wallemiomycetes,Wallemiomycetes, Wallemiales incertae sedis, WallemiaOTU82,Basidiomycota,Wallemiomycetes,Wallemiomycetes, Wallemiales incertae sedis, WallemiaOTU1892,Glomeromycota,Glomeromycetes,Glomeromycetes,100,100OTU1441,unclassifiedFungi,unclassifiedFungi,unknownPezizomycotina,,OTU3264,unclassifiedFungi,unclassifiedFungi,unknownPezizomycotina,,OTU691,unclassifiedFungi,unclassifiedFungi,unknownPezizomycotina,,OTU711,unclassifiedFungi,unclassifiedFungi,unknownPezizomycotina,,OTU3384,unclassifiedFungi,unclassifiedFungi,unknownPezizomycotina,,OTU3805,unclassifiedFungi,unclassifiedFungi,unknownPezizomycotina,,OTU1029,unclassifiedFungi,unclassifiedFungi,unclassifiedFungi,,OTU1086,unclassifiedFungi,unclassifiedFungi,unclassifiedFungi,,OTU110,unclassifiedFungi,unclassifiedFungi,unclassifiedFungi,,OTU1148,unclassifiedFungi,unclassifiedFungi,unclassifiedFungi,,OTU1173,unclassifiedFungi,unclassifiedFungi,unclassifiedFungi,,OTU124,unclassifiedFungi,unclassifiedFungi,unclassifiedFungi,,OTU1243,unclassifiedFungi,unclassifiedFungi,unclassifiedFungi,,OTU1270,unclassifiedFungi,unclassifiedFungi,unclassifiedFungi,,OTU1280,unclassifiedFungi,unclassifiedFungi,unclassifiedFungi,,OTU1284,unclassifiedFungi,unclassifiedFungi,unclassifiedFungi,,OTU1345,unclassifiedFungi,unclassifiedFungi,unclassifiedFungi,,OTU1346,unclassifiedFungi,unclassifiedFungi,unclassifiedFungi,,OTU1350,unclassifiedFungi,unclassifiedFungi,unclassifiedFungi,,OTU1365,unclassifiedFungi,unclassifiedFungi,unclassifiedFungi,,OTU1377,unclassifiedFungi,unclassifiedFungi,unclassifiedFungi,,OTU1436,unclassifiedFungi,unclassifiedFungi,unclassifiedFungi,,OTU1481,unclassifiedFungi,unclassifiedFungi,unclassifiedFungi,,OTU1497,unclassifiedFungi,unclassifiedFungi,unclassifiedFungi,,OTU1544,unclassifiedFungi,unclassifiedFungi,unclassifiedFungi,,OTU1546,unclassifiedFungi,unclassifiedFungi,unclassifiedFungi,,OTU1563,unclassifiedFungi,unclassifiedFungi,unclassifiedFungi,,OTU1620,unclassifiedFungi,unclassifiedFungi,unclassifiedFungi,,OTU1638,unclassifiedFungi,unclassifiedFungi,unclassifiedFungi,,OTU1653,unclassifiedFungi,unclassifiedFungi,unclassifiedFungi,,OTU1681,unclassifiedFungi,unclassifiedFungi,unclassifiedFungi,,OTU1747,unclassifiedFungi,unclassifiedFungi,unclassifiedFungi,,OTU1766,unclassifiedFungi,unclassifiedFungi,unclassifiedFungi,,OTU1778,unclassifiedFungi,unclassifiedFungi,unclassifiedFungi,,OTU1788,unclassifiedFungi,unclassifiedFungi,unclassifiedFungi,,OTU1790,unclassifiedFungi,unclassifiedFungi,unclassifiedFungi,,OTU1797,unclassifiedFungi,unclassifiedFungi,unclassifiedFungi,,OTU181,unclassifiedFungi,unclassifiedFungi,unclassifiedFungi,,OTU1817,unclassifiedFungi,unclassifiedFungi,unclassifiedFungi,,OTU1880,unclassifiedFungi,unclassifiedFungi,unclassifiedFungi,,OTU1891,unclassifiedFungi,unclassifiedFungi,unclassifiedFungi,,OTU2087,unclassifiedFungi,unclassifiedFungi,unclassifiedFungi,,OTU2097,unclassifiedFungi,unclassifiedFungi,unclassifiedFungi,,OTU2098,unclassifiedFungi,unclassifiedFungi,unclassifiedFungi,,OTU2100,unclassifiedFungi,unclassifiedFungi,unclassifiedFungi,,OTU2103,unclassifiedFungi,unclassifiedFungi,unclassifiedFungi,,OTU2214,unclassifiedFungi,unclassifiedFungi,unclassifiedFungi,,OTU2237,unclassifiedFungi,unclassifiedFungi,unclassifiedFungi,,OTU2255,unclassifiedFungi,unclassifiedFungi,unclassifiedFungi,,OTU2263,unclassifiedFungi,unclassifiedFungi,unclassifiedFungi,,OTU230,unclassifiedFungi,unclassifiedFungi,unclassifiedFungi,,OTU2311,unclassifiedFungi,unclassifiedFungi,unclassifiedFungi,,OTU2324,unclassifiedFungi,unclassifiedFungi,unclassifiedFungi,,OTU2327,unclassifiedFungi,unclassifiedFungi,unclassifiedFungi,,OTU244,unclassifiedFungi,unclassifiedFungi,unclassifiedFungi,,OTU2569,unclassifiedFungi,unclassifiedFungi,unclassifiedFungi,,OTU2588,unclassifiedFungi,unclassifiedFungi,unclassifiedFungi,,OTU2589,unclassifiedFungi,unclassifiedFungi,unclassifiedFungi,,OTU260,unclassifiedFungi,unclassifiedFungi,unclassifiedFungi,,OTU2621,unclassifiedFungi,unclassifiedFungi,unclassifiedFungi,,OTU2638,unclassifiedFungi,unclassifiedFungi,unclassifiedFungi,,OTU266,unclassifiedFungi,unclassifiedFungi,unclassifiedFungi,,OTU2724,unclassifiedFungi,unclassifiedFungi,unclassifiedFungi,,OTU2766,unclassifiedFungi,unclassifiedFungi,unclassifiedFungi,,OTU2770,unclassifiedFungi,unclassifiedFungi,unclassifiedFungi,,OTU2771,unclassifiedFungi,unclassifiedFungi,unclassifiedFungi,,OTU2779,unclassifiedFungi,unclassifiedFungi,unclassifiedFungi,,OTU2793,unclassifiedFungi,unclassifiedFungi,unclassifiedFungi,,OTU2883,unclassifiedFungi,unclassifiedFungi,unclassifiedFungi,,OTU2918,unclassifiedFungi,unclassifiedFungi,unclassifiedFungi,,OTU2922,unclassifiedFungi,unclassifiedFungi,unclassifiedFungi,,OTU293,unclassifiedFungi,unclassifiedFungi,unclassifiedFungi,,OTU2971,unclassifiedFungi,unclassifiedFungi,unclassifiedFungi,,OTU2976,unclassifiedFungi,unclassifiedFungi,unclassifiedFungi,,OTU2977,unclassifiedFungi,unclassifiedFungi,unclassifiedFungi,,OTU2985,unclassifiedFungi,unclassifiedFungi,unclassifiedFungi,,OTU3037,unclassifiedFungi,unclassifiedFungi,unclassifiedFungi,,OTU3041,unclassifiedFungi,unclassifiedFungi,unclassifiedFungi,,OTU3068,unclassifiedFungi,unclassifiedFungi,unclassifiedFungi,,OTU308,unclassifiedFungi,unclassifiedFungi,unclassifiedFungi,,OTU3080,unclassifiedFungi,unclassifiedFungi,unclassifiedFungi,,OTU3104,unclassifiedFungi,unclassifiedFungi,unclassifiedFungi,,OTU3115,unclassifiedFungi,unclassifiedFungi,unclassifiedFungi,,OTU312,unclassifiedFungi,unclassifiedFungi,unclassifiedFungi,,OTU3123,unclassifiedFungi,unclassifiedFungi,unclassifiedFungi,,OTU314,unclassifiedFungi,unclassifiedFungi,unclassifiedFungi,,OTU3181,unclassifiedFungi,unclassifiedFungi,unclassifiedFungi,,OTU3219,unclassifiedFungi,unclassifiedFungi,unclassifiedFungi,,OTU3261,unclassifiedFungi,unclassifiedFungi,unclassifiedFungi,,OTU3265,unclassifiedFungi,unclassifiedFungi,unclassifiedFungi,,OTU3334,unclassifiedFungi,unclassifiedFungi,unclassifiedFungi,,OTU3474,unclassifiedFungi,unclassifiedFungi,unclassifiedFungi,,OTU3555,unclassifiedFungi,unclassifiedFungi,unclassifiedFungi,,OTU3582,unclassifiedFungi,unclassifiedFungi,unclassifiedFungi,,OTU3638,unclassifiedFungi,unclassifiedFungi,unclassifiedFungi,,OTU3718,unclassifiedFungi,unclassifiedFungi,unknownPezizomycotina,,OTU3784,unclassifiedFungi,unclassifiedFungi,unclassifiedFungi,,OTU3851,unclassifiedFungi,unclassifiedFungi,unclassifiedFungi,,OTU395,unclassifiedFungi,unclassifiedFungi,unclassifiedFungi,,OTU396,unclassifiedFungi,unclassifiedFungi,unclassifiedFungi,,OTU3987,unclassifiedFungi,unclassifiedFungi,unclassifiedFungi,,OTU4020,unclassifiedFungi,unclassifiedFungi,unclassifiedFungi,,OTU4057,unclassifiedFungi,unclassifiedFungi,unclassifiedFungi,,OTU4068,unclassifiedFungi,unclassifiedFungi,unclassifiedFungi,,OTU4236,unclassifiedFungi,unclassifiedFungi,unclassifiedFungi,,OTU4240,unclassifiedFungi,unclassifiedFungi,unclassifiedFungi,,OTU4320,unclassifiedFungi,unclassifiedFungi,unclassifiedFungi,,OTU4413,unclassifiedFungi,unclassifiedFungi,unclassifiedFungi,,OTU4433,unclassifiedFungi,unclassifiedFungi,unclassifiedFungi,,OTU4447,unclassifiedFungi,unclassifiedFungi,unclassifiedFungi,,OTU4484,unclassifiedFungi,unclassifiedFungi,unclassifiedFungi,,OTU449,unclassifiedFungi,unclassifiedFungi,unclassifiedFungi,,OTU4546,unclassifiedFungi,unclassifiedFungi,unclassifiedFungi,,OTU4553,unclassifiedFungi,unclassifiedFungi,unclassifiedFungi,,OTU4586,unclassifiedFungi,unclassifiedFungi,unclassifiedFungi,,OTU4587,unclassifiedFungi,unclassifiedFungi,unclassifiedFungi,,OTU4590,unclassifiedFungi,unclassifiedFungi,unclassifiedFungi,,OTU4612,unclassifiedFungi,unclassifiedFungi,unclassifiedFungi,,OTU4617,unclassifiedFungi,unclassifiedFungi,unclassifiedFungi,,OTU4721,unclassifiedFungi,unclassifiedFungi,unclassifiedFungi,,OTU4816,unclassifiedFungi,unclassifiedFungi,unclassifiedFungi,,OTU491,unclassifiedFungi,unclassifiedFungi,unclassifiedFungi,,OTU512,unclassifiedFungi,unclassifiedFungi,unclassifiedFungi,,OTU545,unclassifiedFungi,unclassifiedFungi,unclassifiedFungi,,OTU563,unclassifiedFungi,unclassifiedFungi,unclassifiedFungi,,OTU584,unclassifiedFungi,unclassifiedFungi,unclassifiedFungi,,OTU597,unclassifiedFungi,unclassifiedFungi,unclassifiedFungi,,OTU668,unclassifiedFungi,unclassifiedFungi,unclassifiedFungi,,OTU673,unclassifiedFungi,unclassifiedFungi,unclassifiedFungi,,OTU678,unclassifiedFungi,unclassifiedFungi,unclassifiedFungi,,OTU695,unclassifiedFungi,unclassifiedFungi,unclassifiedFungi,,OTU737,unclassifiedFungi,unclassifiedFungi,unclassifiedFungi,,OTU74,unclassifiedFungi,unclassifiedFungi,unclassifiedFungi,,OTU779,unclassifiedFungi,unclassifiedFungi,unclassifiedFungi,,OTU784,unclassifiedFungi,unclassifiedFungi,unclassifiedFungi,,OTU852,unclassifiedFungi,unclassifiedFungi,unclassifiedFungi,,OTU881,unclassifiedFungi,unclassifiedFungi,unclassifiedFungi,,OTU892,unclassifiedFungi,unclassifiedFungi,unclassifiedFungi,,OTU903,unclassifiedFungi,unclassifiedFungi,unclassifiedFungi,,OTU908,unclassifiedFungi,unclassifiedFungi,unclassifiedFungi,,OTU929,unclassifiedFungi,unclassifiedFungi,unclassifiedFungi,,OTU943,unclassifiedFungi,unclassifiedFungi,unclassifiedFungi,,OTU954,unclassifiedFungi,unclassifiedFungi,unclassifiedFungi,,